Date,Order_ID,Product,Category,Quantity,Unit_Price,Sales_Amount,Payment_Mode,Salesperson
15-09-2026,ORD001,Laptop,Electronics,1,55000,55000,UPI,Pooja
15-09-2026,ORD002,Mouse,Accessories,2,800,1600,Cash,Rahul
15-09-2026,ORD003,Keyboard,Accessories,1,1500,1500,Card,Sneha
16-09-2026,ORD004,Monitor,Electronics,1,12000,12000,UPI,Arjun
16-09-2026,ORD005,Headphones,Accessories,2,2000,4000,Card,Kavya
16-09-2026,ORD006,Laptop,Electronics,1,58000,58000,UPI,Vikram
17-09-2026,ORD007,Mouse,Accessories,3,800,2400,Cash,Meena
17-09-2026,ORD008,Monitor,Electronics,2,12500,25000,Card,Sanjay
17-09-2026,ORD009,Keyboard,Accessories,2,1600,3200,UPI,Divya
18-09-2026,ORD010,Laptop,Electronics,1,56000,56000,Card,Nikhil
18-09-2026,ORD011,Headphones,Accessories,1,2200,2200,UPI,Pooja
18-09-2026,ORD012,Mouse,Accessories,4,850,3400,Cash,Rahul
19-09-2026,ORD013,Monitor,Electronics,1,13000,13000,UPI,Sneha
19-09-2026,ORD014,Keyboard,Accessories,2,1500,3000,Card,Arjun
19-09-2026,ORD015,Laptop,Electronics,1,60000,60000,UPI,Kavya
20-09-2026,ORD016,Headphones,Accessories,3,2100,6300,Cash,Vikram
20-09-2026,ORD017,Mouse,Accessories,2,900,1800,Card,Meena
20-09-2026,ORD018,Monitor,Electronics,1,12000,12000,UPI,Sanjay
21-09-2026,ORD019,Laptop,Electronics,1,57000,57000,Card,Divya
21-09-2026,ORD020,Keyboard,Accessories,3,1600,4800,UPI,Nikhil
21-09-2026,ORD021,Mouse,Accessories,5,800,4000,Cash,Pooja
22-09-2026,ORD022,Monitor,Electronics,2,12500,25000,UPI,Rahul
22-09-2026,ORD023,Headphones,Accessories,2,2300,4600,Card,Sneha
22-09-2026,ORD024,Laptop,Electronics,1,59000,59000,UPI,Arjun
23-09-2026,ORD025,Keyboard,Accessories,1,1700,1700,Cash,Kavya
23-09-2026,ORD026,Mouse,Accessories,3,850,2550,Card,Vikram
23-09-2026,ORD027,Monitor,Electronics,1,12800,12800,UPI,Meena
24-09-2026,ORD028,Laptop,Electronics,1,61000,61000,Card,Sanjay
24-09-2026,ORD029,Headphones,Accessories,2,2400,4800,UPI,Divya
24-09-2026,ORD030,Keyboard,Accessories,2,1550,3100,Cash,Nikhil
25-09-2026,ORD031,Monitor,Electronics,1,13200,13200,UPI,Pooja
25-09-2026,ORD032,Mouse,Accessories,4,820,3280,Card,Rahul
25-09-2026,ORD033,Laptop,Electronics,1,57500,57500,UPI,Sneha
26-09-2026,ORD034,Headphones,Accessories,1,2500,2500,Cash,Arjun
26-09-2026,ORD035,Keyboard,Accessories,3,1650,4950,Card,Kavya
26-09-2026,ORD036,Monitor,Electronics,2,12750,25500,UPI,Vikram
27-09-2026,ORD037,Laptop,Electronics,1,58500,58500,UPI,Meena
27-09-2026,ORD038,Mouse,Accessories,2,850,1700,Cash,Sanjay
27-09-2026,ORD039,Headphones,Accessories,2,2300,4600,Card,Divya
28-09-2026,ORD040,Monitor,Electronics,1,12900,12900,UPI,Nikhil
28-09-2026,ORD041,Keyboard,Accessories,2,1600,3200,Card,Pooja
28-09-2026,ORD042,Laptop,Electronics,1,60500,60500,UPI,Rahul
29-09-2026,ORD043,Mouse,Accessories,5,800,4000,Cash,Sneha
29-09-2026,ORD044,Monitor,Electronics,1,13100,13100,Card,Arjun
29-09-2026,ORD045,Headphones,Accessories,2,2200,4400,UPI,Kavya
30-09-2026,ORD046,Laptop,Electronics,1,59500,59500,UPI,Vikram
30-09-2026,ORD047,Keyboard,Accessories,3,1550,4650,Cash,Meena
30-09-2026,ORD048,Monitor,Electronics,2,12600,25200,Card,Sanjay
30-09-2026,ORD049,Mouse,Accessories,4,850,3400,UPI,Divya
30-09-2026,ORD050,Headphones,Accessories,1,2450,2450,Card,Nikhil
