Order ID,Order Date,Customer Name,Region,Sales
ORD-00001,2025-05-10,Customer 204,Central,3537.62
ORD-00002,2023-01-22,Customer 018,West,2265.92
ORD-00003,2024-01-23,Customer 004,South,3650.78
ORD-00004,2024-12-03,Customer 237,Central,4181.17
ORD-00005,2025-11-30,Customer 201,South,838.62
ORD-00006,2025-02-18,Customer 137,East,429.33
ORD-00007,2023-07-26,Customer 066,East,3718.07
ORD-00008,2024-11-12,Customer 205,West,1452.92
ORD-00009,2024-12-10,Customer 101,West,363.65
ORD-00010,2025-08-09,Customer 203,East,180.82
ORD-00011,2023-05-03,Customer 148,Central,150.56
ORD-00012,2025-05-13,Customer 060,South,113.11
ORD-00013,2025-05-30,Customer 227,South,5245.41
ORD-00014,2024-05-24,Customer 128,Central,1601.59
ORD-00015,2024-02-05,Customer 035,West,4394.22
ORD-00016,2025-12-08,Customer 213,South,5181.12
ORD-00017,2025-07-16,Customer 170,West,3199.42
ORD-00018,2025-01-28,Customer 092,South,591.11
ORD-00019,2025-04-13,Customer 109,West,301.86
ORD-00020,2025-09-18,Customer 117,West,529.18
ORD-00021,2025-03-01,Customer 076,Central,4904.59
ORD-00022,2023-06-03,Customer 101,Central,323.54
ORD-00023,2023-01-23,Customer 084,Central,1329.2
ORD-00024,2024-11-20,Customer 243,Central,32.7
ORD-00025,2025-01-23,Customer 164,West,542.98
ORD-00026,2024-04-01,Customer 086,South,4248.03
ORD-00027,2024-02-01,Customer 213,East,6030.93
ORD-00028,2024-07-22,Customer 230,South,4040.81
ORD-00029,2023-06-19,Customer 189,South,3787.38
ORD-00030,2025-05-25,Customer 249,East,7715.58
ORD-00031,2025-04-03,Customer 143,East,506.56
ORD-00032,2024-10-17,Customer 041,South,406.61
ORD-00033,2025-01-09,Customer 065,Central,2391.8
ORD-00034,2023-05-26,Customer 095,West,237.15
ORD-00035,2025-02-09,Customer 154,Central,873.27
ORD-00036,2023-09-07,Customer 142,West,2609.56
ORD-00037,2024-07-31,Customer 216,East,330.24
ORD-00038,2023-03-10,Customer 132,Central,944.84
ORD-00039,2023-10-08,Customer 177,South,155.76
ORD-00040,2025-03-04,Customer 028,West,180.89
ORD-00041,2023-03-19,Customer 218,Central,790.64
ORD-00042,2023-05-06,Customer 169,East,846.29
ORD-00043,2024-09-04,Customer 055,Central,2156.9
ORD-00044,2025-01-28,Customer 203,West,410.83
ORD-00045,2025-11-15,Customer 003,South,775.27
ORD-00046,2025-06-20,Customer 163,West,245.82
ORD-00047,2023-11-14,Customer 165,South,55.69
ORD-00048,2023-01-05,Customer 143,Central,142.95
ORD-00049,2025-09-19,Customer 164,West,2116.37
ORD-00050,2023-06-06,Customer 216,West,155.15
ORD-00051,2025-08-05,Customer 047,West,1796.89
ORD-00052,2023-12-12,Customer 106,East,6986.59
ORD-00053,2025-10-05,Customer 143,West,1175.61
ORD-00054,2024-10-22,Customer 171,Central,249.6
ORD-00055,2025-08-12,Customer 086,South,191.63
ORD-00056,2024-04-20,Customer 001,East,1032.27
ORD-00057,2024-08-12,Customer 087,West,613.99
ORD-00058,2023-02-24,Customer 096,South,4580.62
ORD-00059,2025-03-24,Customer 047,South,66.8
ORD-00060,2024-12-09,Customer 024,West,1730.35
ORD-00061,2024-08-15,Customer 215,Central,386.24
ORD-00062,2025-03-15,Customer 134,South,164.34
ORD-00063,2024-12-31,Customer 149,Central,1525.32
ORD-00064,2023-01-11,Customer 235,Central,41.99
ORD-00065,2024-04-26,Customer 044,Central,1888.99
ORD-00066,2025-03-27,Customer 210,Central,3887.56
ORD-00067,2024-05-03,Customer 116,Central,1109.57
ORD-00068,2025-07-23,Customer 004,West,159.71
ORD-00069,2025-09-08,Customer 016,Central,47.43
ORD-00070,2024-01-12,Customer 073,East,297.2
ORD-00071,2024-02-03,Customer 093,West,6385.57
ORD-00072,2025-06-03,Customer 122,West,8879.62
ORD-00073,2024-02-23,Customer 195,West,6544.68
ORD-00074,2025-07-09,Customer 060,South,622.3
ORD-00075,2025-08-30,Customer 059,East,6484.4
ORD-00076,2025-03-26,Customer 160,West,1022.12
ORD-00077,2023-12-29,Customer 199,Central,462.46
ORD-00078,2024-08-08,Customer 118,South,569.69
ORD-00079,2024-12-05,Customer 004,East,67.16
ORD-00080,2024-02-01,Customer 208,East,566.47
ORD-00081,2025-05-18,Customer 174,South,1733.57
ORD-00082,2025-09-11,Customer 126,East,195.71
ORD-00083,2024-06-04,Customer 102,East,88.63
ORD-00084,2025-02-17,Customer 158,East,1143.88
ORD-00085,2024-08-11,Customer 041,West,278.82
ORD-00086,2024-12-16,Customer 210,Central,1609.97
ORD-00087,2025-10-10,Customer 056,East,1773.3
ORD-00088,2025-05-22,Customer 220,Central,155.93
ORD-00089,2024-06-15,Customer 143,East,1105.6
ORD-00090,2025-05-16,Customer 084,Central,650.99
ORD-00091,2023-05-10,Customer 010,West,134.05
ORD-00092,2025-04-23,Customer 044,West,529.93
ORD-00093,2023-06-05,Customer 020,West,411.24
ORD-00094,2024-11-23,Customer 045,South,3434.7
ORD-00095,2023-11-04,Customer 047,East,5390.68
ORD-00096,2025-01-13,Customer 161,East,281.89
ORD-00097,2024-11-18,Customer 054,Central,2362.96
ORD-00098,2024-03-30,Customer 206,West,2603.41
ORD-00099,2025-04-21,Customer 046,West,629.58
ORD-00100,2024-05-12,Customer 196,South,373.27
ORD-00101,2025-10-04,Customer 141,West,525.19
ORD-00102,2023-06-08,Customer 214,Central,859.72
ORD-00103,2025-11-15,Customer 069,Central,2670.07
ORD-00104,2024-11-17,Customer 153,Central,1810.69
ORD-00105,2025-02-08,Customer 229,Central,274.73
ORD-00106,2023-12-19,Customer 044,East,1114.18
ORD-00107,2024-01-16,Customer 106,West,171.34
ORD-00108,2024-03-21,Customer 149,South,1273.54
ORD-00109,2024-02-10,Customer 151,Central,222.09
ORD-00110,2023-11-07,Customer 007,Central,1259.94
ORD-00111,2025-08-05,Customer 227,West,2176.87
ORD-00112,2025-06-20,Customer 221,Central,609.74
ORD-00113,2024-03-22,Customer 073,East,279.02
ORD-00114,2023-07-09,Customer 227,East,684.46
ORD-00115,2024-06-02,Customer 227,West,872.95
ORD-00116,2024-05-11,Customer 021,Central,168.6
ORD-00117,2024-07-07,Customer 079,East,159.96
ORD-00118,2025-08-13,Customer 058,East,542.63
ORD-00119,2024-01-01,Customer 104,West,95.34
ORD-00120,2025-07-09,Customer 232,West,6753.8
ORD-00121,2025-02-08,Customer 179,Central,1043.83
ORD-00122,2024-11-16,Customer 224,Central,396.32
ORD-00123,2023-07-22,Customer 191,East,3513.79
ORD-00124,2023-01-19,Customer 235,East,1142.4
ORD-00125,2024-04-17,Customer 243,Central,378.58
ORD-00126,2025-10-11,Customer 004,South,1916.78
ORD-00127,2023-07-07,Customer 147,West,1198.82
ORD-00128,2023-07-30,Customer 047,Central,181.78
ORD-00129,2025-08-28,Customer 118,South,6562.36
ORD-00130,2024-12-10,Customer 090,South,263.33
ORD-00131,2024-09-29,Customer 220,South,4914.88
ORD-00132,2023-09-27,Customer 007,East,537.37
ORD-00133,2025-12-29,Customer 089,Central,1242.1
ORD-00134,2025-05-02,Customer 169,West,5649.71
ORD-00135,2024-02-27,Customer 138,West,3220.86
ORD-00136,2024-09-02,Customer 168,Central,472.14
ORD-00137,2023-02-27,Customer 012,Central,390.73
ORD-00138,2023-01-08,Customer 027,Central,3375.76
ORD-00139,2023-02-09,Customer 158,Central,189.71
ORD-00140,2023-09-26,Customer 221,East,1147.64
ORD-00141,2023-09-22,Customer 041,South,1242.55
ORD-00142,2023-11-03,Customer 198,Central,1350.8
ORD-00143,2023-07-20,Customer 210,East,733.59
ORD-00144,2024-10-07,Customer 168,East,1809.29
ORD-00145,2025-05-05,Customer 120,South,7119.86
ORD-00146,2025-07-22,Customer 220,West,7588.49
ORD-00147,2024-05-28,Customer 201,West,345.25
ORD-00148,2025-11-24,Customer 179,East,3960.08
ORD-00149,2023-05-12,Customer 027,East,1221.35
ORD-00150,2023-12-28,Customer 124,West,1099.92
ORD-00151,2025-05-14,Customer 011,West,808.91
ORD-00152,2025-06-25,Customer 197,South,1525.94
ORD-00153,2024-06-03,Customer 243,Central,194.22
ORD-00154,2024-10-16,Customer 117,South,230.83
ORD-00155,2024-01-22,Customer 099,East,1007.94
ORD-00156,2024-01-10,Customer 057,West,1639.2
ORD-00157,2024-11-09,Customer 064,East,220.5
ORD-00158,2023-11-21,Customer 246,South,187.87
ORD-00159,2023-12-29,Customer 059,East,3775.75
ORD-00160,2024-03-06,Customer 085,East,483.49
ORD-00161,2025-07-30,Customer 152,East,1016.24
ORD-00162,2025-01-31,Customer 149,East,1778.3
ORD-00163,2024-01-30,Customer 216,East,2264.69
ORD-00164,2024-02-11,Customer 072,West,957.81
ORD-00165,2023-04-26,Customer 054,West,1629.15
ORD-00166,2025-06-24,Customer 030,Central,3592.47
ORD-00167,2024-10-08,Customer 004,Central,880.68
ORD-00168,2024-02-18,Customer 188,West,63.68
ORD-00169,2023-11-18,Customer 057,Central,543.38
ORD-00170,2024-12-26,Customer 205,Central,1108.74
ORD-00171,2025-12-18,Customer 139,West,263.29
ORD-00172,2024-09-24,Customer 218,East,269.44
ORD-00173,2025-07-17,Customer 042,Central,4802.41
ORD-00174,2025-07-01,Customer 016,West,402.53
ORD-00175,2024-10-10,Customer 021,South,1334.11
ORD-00176,2023-08-23,Customer 163,Central,3765.76
ORD-00177,2024-01-22,Customer 162,South,7223.17
ORD-00178,2024-10-26,Customer 045,Central,832.36
ORD-00179,2025-12-18,Customer 022,South,3839.39
ORD-00180,2023-08-21,Customer 049,East,332.46
ORD-00181,2024-07-17,Customer 197,West,152.86
ORD-00182,2024-08-20,Customer 068,West,612.05
ORD-00183,2024-07-13,Customer 247,South,827.72
ORD-00184,2024-06-03,Customer 156,South,1643.26
ORD-00185,2023-06-20,Customer 089,East,4433.43
ORD-00186,2024-08-27,Customer 114,Central,528.12
ORD-00187,2025-12-17,Customer 099,South,488.11
ORD-00188,2024-08-10,Customer 112,South,2789.04
ORD-00189,2023-04-22,Customer 177,Central,527.55
ORD-00190,2024-04-15,Customer 085,West,5643.84
ORD-00191,2023-07-31,Customer 123,South,493.68
ORD-00192,2025-12-06,Customer 010,South,3819.48
ORD-00193,2024-12-26,Customer 001,West,87.0
ORD-00194,2025-10-03,Customer 183,Central,2345.57
ORD-00195,2023-07-11,Customer 134,West,2289.57
ORD-00196,2025-06-07,Customer 148,South,4035.88
ORD-00197,2024-03-27,Customer 145,West,364.84
ORD-00198,2025-06-20,Customer 141,West,722.9
ORD-00199,2024-01-26,Customer 218,Central,6679.77
ORD-00200,2024-02-29,Customer 157,West,1111.57
ORD-00201,2023-08-18,Customer 002,West,3423.75
ORD-00202,2024-02-17,Customer 068,South,2216.5
ORD-00203,2025-10-27,Customer 132,West,1222.59
ORD-00204,2024-01-14,Customer 063,West,2090.87
ORD-00205,2025-01-06,Customer 063,East,720.56
ORD-00206,2024-08-11,Customer 037,Central,3947.26
ORD-00207,2024-10-10,Customer 185,Central,2346.88
ORD-00208,2025-02-10,Customer 242,West,837.21
ORD-00209,2024-03-30,Customer 133,South,1326.77
ORD-00210,2024-09-13,Customer 076,West,618.69
ORD-00211,2024-04-15,Customer 033,West,805.88
ORD-00212,2024-12-21,Customer 143,Central,787.85
ORD-00213,2024-02-16,Customer 064,Central,4208.47
ORD-00214,2025-07-13,Customer 029,West,610.69
ORD-00215,2024-02-20,Customer 030,East,449.49
ORD-00216,2023-02-26,Customer 246,South,7698.18
ORD-00217,2023-12-01,Customer 092,South,1212.24
ORD-00218,2024-11-01,Customer 092,East,3032.59
ORD-00219,2025-06-13,Customer 057,West,500.23
ORD-00220,2025-11-29,Customer 239,East,278.85
ORD-00221,2023-07-14,Customer 084,Central,451.57
ORD-00222,2023-07-23,Customer 248,West,1478.94
ORD-00223,2024-03-30,Customer 113,South,432.88
ORD-00224,2025-03-13,Customer 207,South,740.49
ORD-00225,2024-05-29,Customer 197,South,1237.95
ORD-00226,2025-06-19,Customer 075,West,1267.59
ORD-00227,2023-10-04,Customer 142,West,559.63
ORD-00228,2024-03-09,Customer 182,Central,1946.67
ORD-00229,2025-05-25,Customer 073,East,1871.48
ORD-00230,2025-07-19,Customer 238,East,330.19
ORD-00231,2025-12-30,Customer 093,East,2588.46
ORD-00232,2025-05-11,Customer 022,South,2325.15
ORD-00233,2023-01-31,Customer 176,Central,2691.74
ORD-00234,2024-06-13,Customer 211,South,826.5
ORD-00235,2024-03-19,Customer 039,South,1993.82
ORD-00236,2025-12-31,Customer 072,Central,694.66
ORD-00237,2023-07-04,Customer 205,South,902.61
ORD-00238,2023-12-03,Customer 217,West,2689.0
ORD-00239,2025-06-05,Customer 223,Central,79.44
ORD-00240,2024-07-18,Customer 155,East,587.09
ORD-00241,2023-04-17,Customer 233,West,3716.24
ORD-00242,2023-08-15,Customer 214,West,183.84
ORD-00243,2023-06-26,Customer 216,West,2513.14
ORD-00244,2024-01-05,Customer 026,East,5341.94
ORD-00245,2025-07-04,Customer 129,East,6696.88
ORD-00246,2024-10-31,Customer 216,West,140.28
ORD-00247,2025-06-07,Customer 237,West,4516.19
ORD-00248,2023-11-07,Customer 123,East,160.84
ORD-00249,2025-08-17,Customer 182,East,248.71
ORD-00250,2024-02-09,Customer 072,East,6664.51
ORD-00251,2024-10-16,Customer 146,West,3240.33
ORD-00252,2025-02-23,Customer 061,Central,408.18
ORD-00253,2024-01-16,Customer 194,South,4657.59
ORD-00254,2025-02-09,Customer 098,East,431.55
ORD-00255,2023-06-20,Customer 067,Central,1727.84
ORD-00256,2025-03-21,Customer 003,Central,6762.7
ORD-00257,2023-03-17,Customer 249,West,331.04
ORD-00258,2024-08-28,Customer 042,East,135.48
ORD-00259,2025-09-04,Customer 072,East,4753.16
ORD-00260,2024-12-03,Customer 151,West,159.86
ORD-00261,2024-02-04,Customer 063,Central,1319.47
ORD-00262,2025-07-06,Customer 070,East,3142.33
ORD-00263,2023-08-27,Customer 085,East,563.28
ORD-00264,2024-02-19,Customer 119,South,5471.04
ORD-00265,2023-12-07,Customer 075,Central,646.21
ORD-00266,2024-05-07,Customer 040,West,125.81
ORD-00267,2025-04-24,Customer 096,Central,131.98
ORD-00268,2024-05-19,Customer 125,South,809.47
ORD-00269,2025-05-20,Customer 164,East,355.21
ORD-00270,2023-05-28,Customer 061,Central,1614.66
ORD-00271,2024-11-11,Customer 153,Central,85.17
ORD-00272,2025-04-16,Customer 058,East,3325.33
ORD-00273,2023-05-09,Customer 185,West,280.63
ORD-00274,2023-02-21,Customer 012,Central,1123.77
ORD-00275,2024-03-14,Customer 011,Central,816.83
ORD-00276,2023-12-25,Customer 116,South,1033.06
ORD-00277,2023-09-17,Customer 238,South,3258.62
ORD-00278,2024-05-14,Customer 169,South,704.72
ORD-00279,2023-11-26,Customer 008,East,3484.2
ORD-00280,2025-07-08,Customer 039,West,484.11
ORD-00281,2024-06-25,Customer 146,Central,1136.72
ORD-00282,2024-08-29,Customer 180,East,690.53
ORD-00283,2023-06-21,Customer 247,Central,1779.68
ORD-00284,2023-05-24,Customer 157,West,423.17
ORD-00285,2023-05-03,Customer 240,East,3505.91
ORD-00286,2023-01-09,Customer 217,East,3843.9
ORD-00287,2023-11-02,Customer 063,South,894.31
ORD-00288,2023-06-28,Customer 013,Central,6262.73
ORD-00289,2023-05-28,Customer 193,Central,806.62
ORD-00290,2024-07-16,Customer 227,South,416.77
ORD-00291,2024-08-14,Customer 171,Central,1533.68
ORD-00292,2025-07-07,Customer 137,Central,629.62
ORD-00293,2023-09-02,Customer 038,West,447.36
ORD-00294,2025-06-20,Customer 173,West,236.7
ORD-00295,2024-05-22,Customer 021,Central,91.58
ORD-00296,2025-12-29,Customer 132,East,89.28
ORD-00297,2023-09-29,Customer 099,Central,2307.85
ORD-00298,2024-04-29,Customer 085,East,3523.11
ORD-00299,2023-06-28,Customer 069,Central,1939.99
ORD-00300,2025-09-05,Customer 246,East,2392.37
ORD-00301,2023-08-20,Customer 152,East,3918.5
ORD-00302,2023-11-27,Customer 224,East,2908.09
ORD-00303,2025-12-18,Customer 117,South,389.38
ORD-00304,2024-11-20,Customer 017,Central,495.91
ORD-00305,2025-06-10,Customer 222,East,1459.69
ORD-00306,2025-01-22,Customer 209,South,2054.35
ORD-00307,2025-08-31,Customer 134,Central,2167.35
ORD-00308,2024-08-15,Customer 183,West,4600.54
ORD-00309,2023-06-06,Customer 216,East,601.27
ORD-00310,2025-12-15,Customer 071,West,3953.21
ORD-00311,2023-09-05,Customer 199,South,3476.58
ORD-00312,2023-03-24,Customer 142,West,287.89
ORD-00313,2024-04-15,Customer 123,South,380.52
ORD-00314,2023-03-02,Customer 016,West,787.81
ORD-00315,2023-11-23,Customer 109,Central,4352.81
ORD-00316,2024-07-20,Customer 169,South,3302.49
ORD-00317,2024-11-11,Customer 191,South,140.64
ORD-00318,2023-02-25,Customer 218,West,134.34
ORD-00319,2025-09-19,Customer 017,East,3579.24
ORD-00320,2023-04-27,Customer 014,South,961.01
ORD-00321,2023-06-06,Customer 225,South,610.28
ORD-00322,2025-03-20,Customer 152,Central,4718.89
ORD-00323,2025-04-01,Customer 045,East,2934.39
ORD-00324,2024-12-24,Customer 228,South,4645.81
ORD-00325,2025-01-15,Customer 134,West,607.27
ORD-00326,2023-10-05,Customer 192,West,79.09
ORD-00327,2024-01-13,Customer 238,Central,1344.35
ORD-00328,2024-06-29,Customer 130,South,4242.17
ORD-00329,2025-11-01,Customer 240,Central,1232.61
ORD-00330,2025-09-07,Customer 242,East,478.16
ORD-00331,2025-07-08,Customer 170,East,4085.6
ORD-00332,2024-06-27,Customer 226,Central,683.55
ORD-00333,2024-08-18,Customer 147,South,3163.5
ORD-00334,2023-07-29,Customer 029,West,348.21
ORD-00335,2023-03-31,Customer 032,East,763.19
ORD-00336,2025-02-21,Customer 228,West,234.37
ORD-00337,2024-12-10,Customer 153,East,25.91
ORD-00338,2023-10-27,Customer 058,West,2982.69
ORD-00339,2024-08-12,Customer 215,South,582.77
ORD-00340,2025-08-29,Customer 170,South,718.41
ORD-00341,2024-08-10,Customer 199,West,4881.71
ORD-00342,2023-08-03,Customer 214,South,5065.94
ORD-00343,2025-05-03,Customer 158,South,9364.6
ORD-00344,2023-02-14,Customer 041,East,713.31
ORD-00345,2023-08-19,Customer 189,West,30.56
ORD-00346,2023-05-27,Customer 092,Central,115.22
ORD-00347,2023-05-07,Customer 230,West,1258.07
ORD-00348,2023-02-24,Customer 042,West,180.49
ORD-00349,2023-11-11,Customer 152,Central,221.24
ORD-00350,2023-01-14,Customer 163,West,33.87
ORD-00351,2025-03-05,Customer 054,West,3618.05
ORD-00352,2025-07-20,Customer 204,East,740.6
ORD-00353,2023-07-13,Customer 074,East,3030.28
ORD-00354,2024-04-07,Customer 015,South,562.04
ORD-00355,2023-11-22,Customer 219,West,26.5
ORD-00356,2024-12-17,Customer 078,East,270.24
ORD-00357,2024-10-28,Customer 202,East,1031.15
ORD-00358,2023-12-19,Customer 237,Central,1516.48
ORD-00359,2025-12-25,Customer 113,East,3215.33
ORD-00360,2023-02-18,Customer 087,East,1564.42
ORD-00361,2023-08-13,Customer 187,West,2260.4
ORD-00362,2024-07-03,Customer 097,South,950.2
ORD-00363,2025-09-19,Customer 009,West,1763.62
ORD-00364,2023-09-15,Customer 237,West,345.78
ORD-00365,2023-09-12,Customer 102,East,2331.03
ORD-00366,2024-03-31,Customer 138,Central,2033.13
ORD-00367,2024-05-16,Customer 220,East,658.63
ORD-00368,2025-04-19,Customer 006,Central,3855.45
ORD-00369,2024-09-28,Customer 216,Central,1852.35
ORD-00370,2025-09-08,Customer 011,East,2868.48
ORD-00371,2024-12-05,Customer 199,West,184.19
ORD-00372,2023-10-03,Customer 216,Central,2409.89
ORD-00373,2024-09-10,Customer 159,East,973.03
ORD-00374,2024-04-23,Customer 144,East,5167.21
ORD-00375,2023-05-20,Customer 134,West,9040.31
ORD-00376,2024-09-23,Customer 210,East,2000.76
ORD-00377,2025-08-11,Customer 204,South,108.44
ORD-00378,2025-11-18,Customer 041,East,1955.32
ORD-00379,2023-06-21,Customer 026,Central,7268.28
ORD-00380,2023-11-09,Customer 181,West,1269.74
ORD-00381,2024-05-05,Customer 178,West,6156.41
ORD-00382,2024-11-12,Customer 133,West,2675.38
ORD-00383,2024-06-17,Customer 216,East,6428.62
ORD-00384,2024-10-19,Customer 176,Central,5566.27
ORD-00385,2024-03-30,Customer 067,South,2328.37
ORD-00386,2024-09-06,Customer 176,East,127.48
ORD-00387,2025-11-13,Customer 066,West,935.54
ORD-00388,2023-06-15,Customer 106,West,3350.63
ORD-00389,2024-01-14,Customer 094,West,1204.87
ORD-00390,2023-04-25,Customer 038,West,1278.46
ORD-00391,2024-10-21,Customer 103,East,47.05
ORD-00392,2024-11-27,Customer 224,Central,971.87
ORD-00393,2024-12-28,Customer 197,East,1185.47
ORD-00394,2023-03-01,Customer 103,East,1847.26
ORD-00395,2024-08-11,Customer 222,West,861.5
ORD-00396,2024-08-14,Customer 166,West,257.95
ORD-00397,2023-09-16,Customer 142,Central,459.23
ORD-00398,2023-08-20,Customer 106,East,946.24
ORD-00399,2023-03-27,Customer 130,East,3110.53
ORD-00400,2023-03-25,Customer 202,West,7983.64
ORD-00401,2025-06-23,Customer 004,East,5117.05
ORD-00402,2025-04-25,Customer 012,East,1105.92
ORD-00403,2025-02-08,Customer 246,East,923.05
ORD-00404,2025-11-13,Customer 210,South,5106.43
ORD-00405,2023-10-07,Customer 103,South,277.99
ORD-00406,2024-04-20,Customer 067,East,3130.22
ORD-00407,2025-02-13,Customer 074,East,271.56
ORD-00408,2023-11-20,Customer 107,East,617.23
ORD-00409,2025-02-01,Customer 001,Central,242.22
ORD-00410,2023-08-23,Customer 190,East,1613.87
ORD-00411,2025-07-30,Customer 118,West,57.7
ORD-00412,2025-09-02,Customer 010,East,532.03
ORD-00413,2025-08-26,Customer 035,West,1505.53
ORD-00414,2025-04-24,Customer 106,Central,74.8
ORD-00415,2024-07-27,Customer 224,West,60.04
ORD-00416,2025-05-08,Customer 062,East,2793.93
ORD-00417,2025-10-06,Customer 181,Central,1197.74
ORD-00418,2025-05-10,Customer 171,Central,3391.0
ORD-00419,2023-04-26,Customer 058,West,2272.68
ORD-00420,2023-08-09,Customer 118,Central,410.47
ORD-00421,2024-12-01,Customer 011,East,4403.61
ORD-00422,2025-05-19,Customer 146,West,695.12
ORD-00423,2024-11-22,Customer 225,West,1693.63
ORD-00424,2025-08-24,Customer 075,South,2373.57
ORD-00425,2025-09-15,Customer 041,Central,1933.26
ORD-00426,2024-12-15,Customer 201,East,4799.0
ORD-00427,2023-07-12,Customer 145,East,759.2
ORD-00428,2024-08-20,Customer 149,East,1793.03
ORD-00429,2025-12-05,Customer 239,West,689.07
ORD-00430,2024-09-18,Customer 124,Central,536.92
ORD-00431,2024-03-29,Customer 198,South,466.56
ORD-00432,2025-01-08,Customer 152,Central,1415.57
ORD-00433,2024-12-13,Customer 082,East,177.67
ORD-00434,2024-08-22,Customer 127,East,360.21
ORD-00435,2024-01-31,Customer 043,East,370.83
ORD-00436,2025-04-28,Customer 056,West,4736.67
ORD-00437,2024-09-25,Customer 043,West,1012.42
ORD-00438,2024-10-07,Customer 030,Central,2269.2
ORD-00439,2023-08-27,Customer 138,East,621.06
ORD-00440,2025-04-12,Customer 119,Central,171.69
ORD-00441,2025-10-29,Customer 208,East,4997.1
ORD-00442,2024-12-16,Customer 105,West,2358.71
ORD-00443,2024-06-29,Customer 224,South,408.95
ORD-00444,2023-04-09,Customer 132,West,23.43
ORD-00445,2023-12-22,Customer 141,South,1251.8
ORD-00446,2023-02-22,Customer 110,South,1757.87
ORD-00447,2025-01-28,Customer 013,West,255.39
ORD-00448,2024-12-29,Customer 122,West,281.93
ORD-00449,2024-02-25,Customer 177,East,3606.8
ORD-00450,2025-11-20,Customer 142,East,1464.62
ORD-00451,2024-05-13,Customer 068,West,1924.64
ORD-00452,2024-10-12,Customer 010,Central,1182.08
ORD-00453,2025-09-08,Customer 003,South,167.41
ORD-00454,2024-08-18,Customer 244,Central,250.68
ORD-00455,2025-01-15,Customer 089,West,1089.11
ORD-00456,2023-09-29,Customer 203,South,955.45
ORD-00457,2023-05-13,Customer 146,West,291.33
ORD-00458,2025-12-10,Customer 140,Central,1708.9
ORD-00459,2024-02-06,Customer 133,East,2041.69
ORD-00460,2024-09-08,Customer 111,West,295.63
ORD-00461,2023-03-13,Customer 207,East,2634.5
ORD-00462,2025-02-19,Customer 063,West,1645.81
ORD-00463,2025-09-15,Customer 119,Central,104.42
ORD-00464,2025-12-26,Customer 179,Central,4843.93
ORD-00465,2024-03-17,Customer 013,West,905.96
ORD-00466,2024-11-28,Customer 156,Central,224.68
ORD-00467,2025-01-04,Customer 092,South,1330.37
ORD-00468,2023-01-13,Customer 196,South,633.75
ORD-00469,2023-11-26,Customer 083,South,5444.56
ORD-00470,2024-07-21,Customer 006,South,1431.96
ORD-00471,2024-07-03,Customer 248,Central,9752.98
ORD-00472,2023-10-01,Customer 199,East,1060.46
ORD-00473,2024-09-17,Customer 139,South,2882.15
ORD-00474,2024-04-03,Customer 170,Central,525.13
ORD-00475,2024-07-13,Customer 216,South,738.25
ORD-00476,2025-06-20,Customer 148,East,1072.45
ORD-00477,2024-03-09,Customer 214,Central,24.17
ORD-00478,2024-08-23,Customer 052,Central,2630.22
ORD-00479,2024-04-17,Customer 154,South,474.25
ORD-00480,2023-05-27,Customer 208,East,1322.89
ORD-00481,2025-06-30,Customer 203,Central,150.95
ORD-00482,2025-02-04,Customer 235,East,572.75
ORD-00483,2025-09-22,Customer 069,Central,833.6
ORD-00484,2025-12-27,Customer 236,Central,4437.8
ORD-00485,2024-05-27,Customer 229,West,8788.39
ORD-00486,2023-08-01,Customer 185,West,287.42
ORD-00487,2025-06-09,Customer 187,West,46.4
ORD-00488,2024-07-17,Customer 151,Central,760.56
ORD-00489,2023-10-13,Customer 218,South,2927.14
ORD-00490,2023-10-16,Customer 016,East,1935.55
ORD-00491,2025-04-25,Customer 009,Central,1040.34
ORD-00492,2024-04-17,Customer 008,East,1420.56
ORD-00493,2025-09-03,Customer 226,West,755.87
ORD-00494,2025-11-08,Customer 045,West,573.84
ORD-00495,2025-10-28,Customer 178,South,1683.16
ORD-00496,2025-06-03,Customer 145,South,332.98
ORD-00497,2023-12-11,Customer 067,South,4419.35
ORD-00498,2025-04-14,Customer 180,Central,795.58
ORD-00499,2023-09-15,Customer 006,East,164.05
ORD-00500,2023-03-30,Customer 215,Central,966.26
ORD-00501,2024-08-01,Customer 235,Central,659.27
ORD-00502,2024-09-18,Customer 223,Central,2669.78
ORD-00503,2025-10-29,Customer 040,West,5153.38
ORD-00504,2025-12-07,Customer 014,Central,1213.37
ORD-00505,2023-01-24,Customer 170,East,1220.13
ORD-00506,2023-06-23,Customer 182,South,9328.17
ORD-00507,2024-06-24,Customer 151,West,2373.7
ORD-00508,2023-10-29,Customer 225,East,5958.2
ORD-00509,2023-01-24,Customer 124,South,452.48
ORD-00510,2025-06-16,Customer 068,Central,3303.39
ORD-00511,2023-01-25,Customer 128,West,4016.65
ORD-00512,2023-11-03,Customer 247,East,3816.42
ORD-00513,2025-06-08,Customer 221,East,536.51
ORD-00514,2024-01-03,Customer 101,East,558.32
ORD-00515,2025-05-29,Customer 047,West,1321.24
ORD-00516,2023-08-23,Customer 119,West,180.19
ORD-00517,2025-12-10,Customer 208,East,2505.53
ORD-00518,2023-05-31,Customer 131,Central,6598.29
ORD-00519,2023-09-12,Customer 003,South,2701.8
ORD-00520,2023-10-26,Customer 163,West,221.94
ORD-00521,2023-03-02,Customer 180,East,1310.98
ORD-00522,2025-03-26,Customer 021,East,1031.66
ORD-00523,2024-12-14,Customer 021,West,2020.19
ORD-00524,2024-05-08,Customer 200,East,3809.69
ORD-00525,2025-06-09,Customer 145,East,279.06
ORD-00526,2025-01-31,Customer 114,East,412.18
ORD-00527,2023-10-19,Customer 235,Central,807.96
ORD-00528,2025-09-12,Customer 042,Central,1412.1
ORD-00529,2024-04-09,Customer 100,West,1362.59
ORD-00530,2024-01-28,Customer 062,Central,2572.53
ORD-00531,2025-06-19,Customer 181,East,486.73
ORD-00532,2023-01-19,Customer 008,West,479.75
ORD-00533,2024-07-16,Customer 218,East,417.86
ORD-00534,2025-01-22,Customer 010,West,211.01
ORD-00535,2024-12-24,Customer 025,South,5630.53
ORD-00536,2023-02-28,Customer 024,Central,2180.25
ORD-00537,2025-06-27,Customer 126,West,330.06
ORD-00538,2023-06-08,Customer 176,Central,4596.48
ORD-00539,2023-11-26,Customer 085,East,5028.68
ORD-00540,2024-11-06,Customer 005,East,90.96
ORD-00541,2025-08-29,Customer 009,East,5351.06
ORD-00542,2025-07-21,Customer 107,South,3305.82
ORD-00543,2025-03-26,Customer 181,East,38.76
ORD-00544,2023-06-06,Customer 223,East,1229.79
ORD-00545,2025-03-08,Customer 172,Central,2070.5
ORD-00546,2023-06-28,Customer 045,East,764.76
ORD-00547,2024-01-16,Customer 169,West,710.55
ORD-00548,2023-05-11,Customer 181,West,1423.09
ORD-00549,2023-01-08,Customer 136,South,1806.88
ORD-00550,2023-06-25,Customer 182,Central,434.5
ORD-00551,2024-05-17,Customer 231,South,111.83
ORD-00552,2023-10-30,Customer 168,East,651.54
ORD-00553,2025-01-26,Customer 125,South,54.49
ORD-00554,2023-12-07,Customer 199,Central,588.93
ORD-00555,2023-01-26,Customer 148,East,2108.92
ORD-00556,2024-12-09,Customer 093,Central,234.53
ORD-00557,2024-09-08,Customer 195,West,377.43
ORD-00558,2023-08-30,Customer 034,East,1595.21
ORD-00559,2023-01-15,Customer 217,South,290.01
ORD-00560,2023-11-16,Customer 245,East,410.53
ORD-00561,2024-01-20,Customer 107,East,1233.98
ORD-00562,2024-12-07,Customer 140,West,330.8
ORD-00563,2023-05-29,Customer 008,Central,2477.92
ORD-00564,2024-06-05,Customer 147,Central,149.19
ORD-00565,2024-08-21,Customer 067,South,857.96
ORD-00566,2024-03-30,Customer 168,South,1447.1
ORD-00567,2023-12-30,Customer 177,Central,690.1
ORD-00568,2025-10-14,Customer 130,West,230.11
ORD-00569,2024-04-04,Customer 167,East,2413.15
ORD-00570,2024-07-12,Customer 012,South,808.44
ORD-00571,2024-12-04,Customer 227,West,7219.02
ORD-00572,2025-05-13,Customer 108,South,2838.38
ORD-00573,2024-09-06,Customer 195,Central,4215.44
ORD-00574,2024-06-19,Customer 117,West,1777.86
ORD-00575,2023-09-02,Customer 009,West,469.39
ORD-00576,2023-03-29,Customer 072,West,2243.43
ORD-00577,2023-01-03,Customer 120,Central,197.57
ORD-00578,2025-01-11,Customer 055,West,3534.51
ORD-00579,2024-08-10,Customer 172,East,1163.24
ORD-00580,2024-08-23,Customer 038,Central,4465.31
ORD-00581,2025-06-14,Customer 093,Central,605.36
ORD-00582,2023-12-09,Customer 089,Central,87.74
ORD-00583,2023-05-05,Customer 217,Central,1719.75
ORD-00584,2024-01-11,Customer 063,Central,258.26
ORD-00585,2025-04-23,Customer 215,East,1038.81
ORD-00586,2023-06-10,Customer 084,East,645.24
ORD-00587,2025-09-05,Customer 010,South,1073.68
ORD-00588,2025-07-14,Customer 206,South,3608.2
ORD-00589,2024-10-16,Customer 086,West,580.76
ORD-00590,2024-10-25,Customer 243,Central,1472.96
ORD-00591,2024-10-01,Customer 002,East,682.56
ORD-00592,2024-10-25,Customer 055,Central,611.25
ORD-00593,2023-09-10,Customer 154,South,562.36
ORD-00594,2025-11-16,Customer 170,South,3744.92
ORD-00595,2023-08-24,Customer 042,East,417.3
ORD-00596,2024-01-14,Customer 193,West,349.99
ORD-00597,2025-05-22,Customer 095,Central,3685.63
ORD-00598,2023-05-23,Customer 032,Central,2959.55
ORD-00599,2025-09-24,Customer 195,South,761.84
ORD-00600,2024-04-16,Customer 110,East,1295.74
ORD-00601,2024-07-02,Customer 120,West,1853.53
ORD-00602,2025-09-02,Customer 048,East,4000.34
ORD-00603,2023-09-30,Customer 021,East,3602.7
ORD-00604,2025-04-26,Customer 017,Central,559.96
ORD-00605,2023-09-20,Customer 005,East,1717.58
ORD-00606,2024-08-15,Customer 131,East,2578.97
ORD-00607,2023-08-06,Customer 042,Central,6010.77
ORD-00608,2025-07-11,Customer 077,West,1689.1
ORD-00609,2024-06-03,Customer 242,Central,678.8
ORD-00610,2025-08-24,Customer 091,South,606.96
ORD-00611,2025-02-09,Customer 003,East,1055.26
ORD-00612,2025-02-08,Customer 171,East,1668.45
ORD-00613,2025-12-16,Customer 160,West,1341.23
ORD-00614,2023-06-03,Customer 234,West,696.14
ORD-00615,2024-07-01,Customer 133,West,278.12
ORD-00616,2023-09-20,Customer 053,East,683.44
ORD-00617,2025-05-17,Customer 165,East,416.82
ORD-00618,2025-05-27,Customer 190,East,1285.13
ORD-00619,2024-09-19,Customer 073,West,2167.87
ORD-00620,2024-08-12,Customer 065,East,226.61
ORD-00621,2025-08-20,Customer 033,Central,5122.58
ORD-00622,2024-02-14,Customer 227,South,151.85
ORD-00623,2023-07-05,Customer 102,West,926.18
ORD-00624,2023-08-25,Customer 052,East,4722.64
ORD-00625,2024-09-25,Customer 013,South,1745.41
ORD-00626,2025-06-17,Customer 211,South,283.2
ORD-00627,2023-06-27,Customer 010,West,207.5
ORD-00628,2023-04-27,Customer 044,West,2143.79
ORD-00629,2024-08-27,Customer 218,West,79.59
ORD-00630,2025-09-04,Customer 135,East,1007.74
ORD-00631,2024-09-19,Customer 051,Central,1537.02
ORD-00632,2024-07-01,Customer 100,Central,338.68
ORD-00633,2023-01-03,Customer 127,West,48.23
ORD-00634,2023-11-28,Customer 140,Central,2008.34
ORD-00635,2024-02-03,Customer 209,West,284.0
ORD-00636,2024-03-03,Customer 045,Central,1109.34
ORD-00637,2023-06-15,Customer 142,South,1271.74
ORD-00638,2024-12-22,Customer 157,West,624.3
ORD-00639,2025-11-05,Customer 060,Central,907.68
ORD-00640,2024-11-27,Customer 233,East,326.53
ORD-00641,2025-02-12,Customer 194,South,462.82
ORD-00642,2023-06-07,Customer 210,South,775.08
ORD-00643,2023-03-21,Customer 062,East,1649.47
ORD-00644,2025-09-18,Customer 185,East,608.4
ORD-00645,2025-05-08,Customer 032,Central,162.07
ORD-00646,2023-09-26,Customer 122,East,3941.95
ORD-00647,2023-07-21,Customer 202,South,5257.06
ORD-00648,2025-07-27,Customer 145,South,2201.47
ORD-00649,2023-05-27,Customer 037,West,4154.64
ORD-00650,2025-10-04,Customer 246,West,1382.05
ORD-00651,2024-07-21,Customer 002,East,224.82
ORD-00652,2025-03-04,Customer 163,East,221.24
ORD-00653,2025-11-28,Customer 183,Central,281.24
ORD-00654,2023-03-13,Customer 183,East,2604.76
ORD-00655,2025-01-12,Customer 180,Central,4322.07
ORD-00656,2023-10-15,Customer 182,West,185.5
ORD-00657,2024-05-09,Customer 107,West,824.36
ORD-00658,2025-01-20,Customer 088,East,475.56
ORD-00659,2023-03-25,Customer 144,West,1352.46
ORD-00660,2024-06-30,Customer 194,East,742.13
ORD-00661,2025-02-06,Customer 039,East,1256.33
ORD-00662,2025-03-29,Customer 023,East,2861.0
ORD-00663,2024-09-18,Customer 066,West,758.88
ORD-00664,2023-08-10,Customer 002,South,116.35
ORD-00665,2023-08-21,Customer 172,Central,2825.64
ORD-00666,2024-09-09,Customer 044,West,3379.92
ORD-00667,2024-01-21,Customer 186,East,776.07
ORD-00668,2025-05-22,Customer 006,East,1482.36
ORD-00669,2025-11-12,Customer 082,Central,883.13
ORD-00670,2023-12-17,Customer 054,West,2850.67
ORD-00671,2023-02-18,Customer 134,Central,2527.86
ORD-00672,2024-08-10,Customer 055,West,351.63
ORD-00673,2025-09-06,Customer 138,Central,1600.38
ORD-00674,2024-03-16,Customer 035,West,1477.29
ORD-00675,2025-10-20,Customer 074,East,3414.37
ORD-00676,2023-06-18,Customer 231,Central,162.94
ORD-00677,2024-09-12,Customer 043,West,357.57
ORD-00678,2025-05-20,Customer 122,West,1200.71
ORD-00679,2025-12-18,Customer 102,East,865.98
ORD-00680,2025-07-25,Customer 050,West,2066.24
ORD-00681,2023-06-24,Customer 042,East,887.88
ORD-00682,2023-02-20,Customer 060,Central,65.97
ORD-00683,2023-11-25,Customer 027,West,587.42
ORD-00684,2024-07-03,Customer 021,West,734.58
ORD-00685,2024-03-16,Customer 087,South,114.87
ORD-00686,2024-04-19,Customer 137,West,40.95
ORD-00687,2024-12-03,Customer 130,South,1914.74
ORD-00688,2025-07-01,Customer 214,West,3558.13
ORD-00689,2023-10-13,Customer 063,Central,320.4
ORD-00690,2025-11-08,Customer 212,South,1839.58
ORD-00691,2024-05-26,Customer 086,West,6337.13
ORD-00692,2025-02-28,Customer 026,West,897.95
ORD-00693,2025-10-02,Customer 043,Central,723.09
ORD-00694,2025-02-13,Customer 216,South,4000.75
ORD-00695,2023-09-13,Customer 199,Central,4141.67
ORD-00696,2025-04-09,Customer 032,South,25.81
ORD-00697,2023-03-23,Customer 013,East,628.84
ORD-00698,2025-06-14,Customer 149,East,5289.85
ORD-00699,2025-01-30,Customer 124,Central,66.39
ORD-00700,2024-12-05,Customer 077,West,1639.94
ORD-00701,2024-03-01,Customer 245,West,2401.39
ORD-00702,2023-11-14,Customer 052,Central,158.21
ORD-00703,2024-05-20,Customer 196,East,361.49
ORD-00704,2023-02-28,Customer 162,South,255.46
ORD-00705,2023-12-26,Customer 157,Central,4917.15
ORD-00706,2025-02-11,Customer 056,Central,1133.42
ORD-00707,2023-02-27,Customer 216,Central,92.08
ORD-00708,2023-06-21,Customer 019,East,1263.22
ORD-00709,2025-12-30,Customer 210,South,1590.55
ORD-00710,2024-06-05,Customer 055,Central,2294.5
ORD-00711,2024-02-28,Customer 235,West,4324.23
ORD-00712,2023-12-14,Customer 127,West,2976.53
ORD-00713,2024-04-22,Customer 137,South,754.7
ORD-00714,2025-02-27,Customer 239,West,3693.02
ORD-00715,2024-11-07,Customer 010,South,5360.95
ORD-00716,2023-01-13,Customer 211,East,53.13
ORD-00717,2024-11-14,Customer 079,Central,3657.3
ORD-00718,2023-09-21,Customer 209,East,3447.72
ORD-00719,2023-12-14,Customer 164,South,456.12
ORD-00720,2023-12-05,Customer 104,Central,725.61
ORD-00721,2023-08-29,Customer 006,Central,6513.63
ORD-00722,2024-04-27,Customer 144,Central,6570.99
ORD-00723,2025-09-18,Customer 003,West,432.18
ORD-00724,2024-03-01,Customer 031,West,94.43
ORD-00725,2024-01-26,Customer 168,East,662.43
ORD-00726,2023-03-27,Customer 201,East,1885.49
ORD-00727,2024-04-28,Customer 203,Central,205.46
ORD-00728,2024-11-20,Customer 020,East,180.21
ORD-00729,2024-11-04,Customer 029,South,484.78
ORD-00730,2024-09-14,Customer 028,West,2285.98
ORD-00731,2024-05-26,Customer 249,Central,1104.86
ORD-00732,2025-06-22,Customer 247,East,858.78
ORD-00733,2025-07-11,Customer 086,West,22.41
ORD-00734,2025-06-01,Customer 192,West,489.91
ORD-00735,2024-08-23,Customer 031,South,1447.6
ORD-00736,2024-12-04,Customer 136,East,5109.79
ORD-00737,2023-01-18,Customer 188,West,390.37
ORD-00738,2023-03-20,Customer 136,South,142.25
ORD-00739,2024-07-15,Customer 216,Central,1336.96
ORD-00740,2025-02-04,Customer 120,East,1838.58
ORD-00741,2024-03-31,Customer 007,South,246.48
ORD-00742,2023-11-25,Customer 190,Central,447.02
ORD-00743,2024-12-27,Customer 221,West,502.13
ORD-00744,2024-03-09,Customer 095,East,262.22
ORD-00745,2023-01-17,Customer 209,East,534.0
ORD-00746,2025-02-21,Customer 021,West,1771.29
ORD-00747,2023-04-22,Customer 167,West,1045.46
ORD-00748,2023-10-06,Customer 240,East,459.15
ORD-00749,2023-01-31,Customer 216,Central,281.01
ORD-00750,2023-02-24,Customer 045,West,5492.64
ORD-00751,2023-09-01,Customer 174,Central,265.66
ORD-00752,2025-12-17,Customer 069,East,186.61
ORD-00753,2025-12-11,Customer 027,Central,451.79
ORD-00754,2023-09-26,Customer 118,Central,812.43
ORD-00755,2025-08-16,Customer 001,Central,6749.37
ORD-00756,2024-01-16,Customer 217,Central,2663.31
ORD-00757,2023-04-24,Customer 026,East,2904.51
ORD-00758,2024-09-05,Customer 003,Central,657.43
ORD-00759,2025-05-15,Customer 020,East,1551.47
ORD-00760,2024-10-10,Customer 210,West,1202.46
ORD-00761,2025-04-03,Customer 084,Central,2728.37
ORD-00762,2025-08-16,Customer 025,East,1908.89
ORD-00763,2025-08-09,Customer 132,West,27.65
ORD-00764,2025-01-26,Customer 155,Central,2660.6
ORD-00765,2024-05-22,Customer 108,West,2262.11
ORD-00766,2025-03-11,Customer 196,Central,873.16
ORD-00767,2023-05-25,Customer 168,West,1699.46
ORD-00768,2023-08-01,Customer 215,Central,185.78
ORD-00769,2023-02-27,Customer 063,West,142.52
ORD-00770,2024-04-23,Customer 056,Central,2012.34
ORD-00771,2024-09-01,Customer 009,Central,1207.63
ORD-00772,2023-06-10,Customer 220,South,955.02
ORD-00773,2024-06-19,Customer 087,South,2289.99
ORD-00774,2025-11-14,Customer 219,East,1258.39
ORD-00775,2023-03-31,Customer 138,Central,421.12
ORD-00776,2023-11-04,Customer 074,West,286.4
ORD-00777,2024-07-14,Customer 061,Central,953.42
ORD-00778,2025-07-12,Customer 153,East,20.89
ORD-00779,2025-05-01,Customer 137,East,1279.44
ORD-00780,2023-06-22,Customer 216,South,614.81
ORD-00781,2025-07-28,Customer 063,South,553.29
ORD-00782,2025-05-28,Customer 115,West,91.52
ORD-00783,2023-02-20,Customer 119,West,4454.55
ORD-00784,2025-08-03,Customer 139,South,643.7
ORD-00785,2024-12-14,Customer 039,Central,588.47
ORD-00786,2023-09-20,Customer 062,East,1621.78
ORD-00787,2025-09-23,Customer 082,Central,146.73
ORD-00788,2024-10-22,Customer 201,West,2110.83
ORD-00789,2023-07-13,Customer 127,South,2332.27
ORD-00790,2024-07-20,Customer 071,East,681.2
ORD-00791,2024-10-07,Customer 113,East,9443.62
ORD-00792,2024-06-26,Customer 190,South,507.84
ORD-00793,2023-03-08,Customer 036,West,1546.3
ORD-00794,2023-03-15,Customer 224,East,2007.48
ORD-00795,2025-03-11,Customer 248,West,165.99
ORD-00796,2023-03-12,Customer 202,Central,1643.83
ORD-00797,2024-09-25,Customer 155,South,785.1
ORD-00798,2023-07-11,Customer 008,West,375.89
ORD-00799,2025-09-17,Customer 019,East,968.92
ORD-00800,2023-01-31,Customer 097,Central,225.05
ORD-00801,2023-05-27,Customer 233,West,2299.17
ORD-00802,2024-05-07,Customer 234,East,1194.42
ORD-00803,2023-05-01,Customer 239,East,1044.03
ORD-00804,2024-03-28,Customer 083,West,744.17
ORD-00805,2025-07-31,Customer 165,East,696.78
ORD-00806,2025-10-16,Customer 229,West,668.64
ORD-00807,2023-03-07,Customer 059,Central,742.79
ORD-00808,2023-01-20,Customer 076,East,689.75
ORD-00809,2023-03-28,Customer 020,East,1598.22
ORD-00810,2025-06-30,Customer 153,East,1601.33
ORD-00811,2025-09-30,Customer 191,South,1462.04
ORD-00812,2025-09-25,Customer 030,West,2846.26
ORD-00813,2025-12-14,Customer 026,East,3351.78
ORD-00814,2023-10-20,Customer 125,Central,1035.52
ORD-00815,2024-06-06,Customer 045,Central,1215.66
ORD-00816,2024-05-18,Customer 072,East,298.08
ORD-00817,2024-11-21,Customer 232,West,554.1
ORD-00818,2025-03-29,Customer 021,Central,1287.47
ORD-00819,2025-09-25,Customer 222,Central,1127.49
ORD-00820,2023-08-11,Customer 064,South,431.97
ORD-00821,2024-05-06,Customer 150,East,1021.31
ORD-00822,2025-12-02,Customer 061,East,1612.74
ORD-00823,2023-06-12,Customer 220,East,343.51
ORD-00824,2025-02-25,Customer 207,East,215.27
ORD-00825,2024-02-19,Customer 145,East,286.37
ORD-00826,2023-12-10,Customer 177,West,54.88
ORD-00827,2025-05-27,Customer 164,West,2122.45
ORD-00828,2023-06-14,Customer 107,West,2403.33
ORD-00829,2024-05-12,Customer 006,East,582.48
ORD-00830,2025-12-08,Customer 182,Central,2675.39
ORD-00831,2023-08-03,Customer 138,East,733.77
ORD-00832,2023-08-12,Customer 044,West,61.83
ORD-00833,2023-03-08,Customer 239,South,32.89
ORD-00834,2023-04-23,Customer 021,West,8259.56
ORD-00835,2023-01-31,Customer 130,Central,1931.72
ORD-00836,2023-09-30,Customer 124,East,472.95
ORD-00837,2024-05-29,Customer 147,East,4552.46
ORD-00838,2024-09-10,Customer 156,South,414.84
ORD-00839,2023-06-27,Customer 077,Central,75.49
ORD-00840,2024-09-26,Customer 037,West,5273.39
ORD-00841,2024-02-08,Customer 054,East,71.93
ORD-00842,2024-05-02,Customer 234,East,329.13
ORD-00843,2024-08-11,Customer 236,East,1424.85
ORD-00844,2024-07-06,Customer 065,Central,46.38
ORD-00845,2024-07-20,Customer 191,East,2093.09
ORD-00846,2024-04-10,Customer 026,Central,647.9
ORD-00847,2023-07-10,Customer 106,East,2005.19
ORD-00848,2024-08-28,Customer 091,West,429.03
ORD-00849,2025-08-13,Customer 238,South,1618.09
ORD-00850,2023-05-18,Customer 021,Central,398.0
ORD-00851,2023-03-05,Customer 180,Central,3160.07
ORD-00852,2025-06-12,Customer 248,South,159.62
ORD-00853,2023-02-21,Customer 184,Central,2384.2
ORD-00854,2023-10-02,Customer 192,South,2015.52
ORD-00855,2024-11-14,Customer 158,Central,716.68
ORD-00856,2024-07-20,Customer 200,East,1074.54
ORD-00857,2025-10-30,Customer 088,South,768.54
ORD-00858,2025-01-09,Customer 135,Central,433.87
ORD-00859,2024-01-27,Customer 010,West,139.71
ORD-00860,2024-10-13,Customer 212,Central,4797.4
ORD-00861,2025-06-19,Customer 042,Central,853.16
ORD-00862,2024-06-16,Customer 065,West,70.26
ORD-00863,2025-06-16,Customer 045,West,602.25
ORD-00864,2024-05-02,Customer 195,South,84.78
ORD-00865,2025-11-08,Customer 101,East,276.4
ORD-00866,2024-06-23,Customer 145,West,81.75
ORD-00867,2023-10-06,Customer 161,South,643.59
ORD-00868,2024-01-28,Customer 124,Central,3624.19
ORD-00869,2025-01-19,Customer 141,East,3443.59
ORD-00870,2023-08-24,Customer 073,East,2135.16
ORD-00871,2024-11-15,Customer 077,Central,794.47
ORD-00872,2023-01-18,Customer 162,East,1747.1
ORD-00873,2023-06-23,Customer 065,Central,4103.82
ORD-00874,2024-11-14,Customer 128,East,793.71
ORD-00875,2023-07-03,Customer 200,East,787.85
ORD-00876,2024-06-14,Customer 062,East,5623.83
ORD-00877,2024-10-14,Customer 186,West,82.15
ORD-00878,2025-07-21,Customer 120,South,450.71
ORD-00879,2024-04-12,Customer 076,West,5452.64
ORD-00880,2025-04-14,Customer 038,South,2109.44
ORD-00881,2023-06-21,Customer 131,West,1678.09
ORD-00882,2024-03-25,Customer 192,West,8.48
ORD-00883,2023-08-02,Customer 157,West,857.7
ORD-00884,2025-04-26,Customer 216,West,77.83
ORD-00885,2025-05-17,Customer 172,Central,4129.88
ORD-00886,2023-03-27,Customer 157,West,888.99
ORD-00887,2023-04-21,Customer 043,South,259.39
ORD-00888,2024-10-24,Customer 091,Central,885.91
ORD-00889,2025-09-04,Customer 045,East,3414.91
ORD-00890,2024-01-09,Customer 210,East,1362.99
ORD-00891,2023-04-08,Customer 031,East,180.32
ORD-00892,2023-10-23,Customer 227,Central,634.32
ORD-00893,2023-08-22,Customer 194,West,274.02
ORD-00894,2025-03-12,Customer 118,South,52.14
ORD-00895,2023-07-05,Customer 188,East,363.46
ORD-00896,2024-11-11,Customer 128,Central,683.74
ORD-00897,2023-02-27,Customer 197,East,3570.43
ORD-00898,2025-10-12,Customer 011,South,2223.34
ORD-00899,2025-01-16,Customer 161,West,204.62
ORD-00900,2024-05-29,Customer 002,East,3390.92
ORD-00901,2023-03-06,Customer 224,East,572.15
ORD-00902,2024-06-26,Customer 229,East,716.26
ORD-00903,2023-10-01,Customer 033,East,496.27
ORD-00904,2024-10-26,Customer 233,East,2252.06
ORD-00905,2025-07-10,Customer 179,Central,1371.62
ORD-00906,2024-02-03,Customer 097,East,5282.08
ORD-00907,2024-04-06,Customer 133,West,664.49
ORD-00908,2023-07-08,Customer 201,East,294.47
ORD-00909,2024-03-19,Customer 045,West,5458.61
ORD-00910,2023-02-02,Customer 105,Central,1009.03
ORD-00911,2024-03-24,Customer 077,East,452.13
ORD-00912,2024-08-02,Customer 078,East,6429.81
ORD-00913,2025-06-27,Customer 246,West,1584.04
ORD-00914,2025-04-21,Customer 209,West,2041.58
ORD-00915,2023-10-05,Customer 083,West,2613.26
ORD-00916,2025-08-06,Customer 184,West,1326.43
ORD-00917,2024-11-04,Customer 184,East,1025.2
ORD-00918,2025-12-14,Customer 126,Central,3259.14
ORD-00919,2025-03-21,Customer 055,Central,45.23
ORD-00920,2025-05-24,Customer 206,East,294.5
ORD-00921,2025-11-28,Customer 237,Central,3995.15
ORD-00922,2024-01-26,Customer 204,South,802.57
ORD-00923,2023-08-31,Customer 150,West,6771.33
ORD-00924,2024-02-01,Customer 098,South,1728.05
ORD-00925,2024-08-22,Customer 058,East,153.26
ORD-00926,2023-04-25,Customer 215,East,4749.75
ORD-00927,2025-02-17,Customer 091,South,1060.68
ORD-00928,2023-03-26,Customer 211,East,474.64
ORD-00929,2025-01-09,Customer 058,East,351.23
ORD-00930,2024-03-22,Customer 166,Central,627.49
ORD-00931,2024-11-28,Customer 214,South,824.32
ORD-00932,2025-03-18,Customer 002,South,426.73
ORD-00933,2025-09-30,Customer 077,East,5560.7
ORD-00934,2023-06-23,Customer 242,West,927.18
ORD-00935,2025-01-16,Customer 032,West,2091.58
ORD-00936,2023-06-26,Customer 125,Central,866.9
ORD-00937,2023-07-29,Customer 085,South,4345.78
ORD-00938,2025-08-17,Customer 232,Central,927.59
ORD-00939,2023-01-19,Customer 190,Central,108.95
ORD-00940,2024-12-06,Customer 189,East,3093.6
ORD-00941,2023-03-08,Customer 048,West,436.48
ORD-00942,2024-10-07,Customer 118,West,489.64
ORD-00943,2025-08-01,Customer 166,West,1462.34
ORD-00944,2024-04-20,Customer 114,East,3680.03
ORD-00945,2024-10-05,Customer 059,South,379.64
ORD-00946,2023-03-05,Customer 076,South,1108.03
ORD-00947,2023-11-13,Customer 142,West,4535.04
ORD-00948,2025-03-02,Customer 150,Central,2162.9
ORD-00949,2025-10-11,Customer 100,West,3141.76
ORD-00950,2025-02-12,Customer 203,West,1179.18
ORD-00951,2025-01-31,Customer 071,Central,376.68
ORD-00952,2023-09-20,Customer 107,South,1372.58
ORD-00953,2024-09-28,Customer 153,Central,326.61
ORD-00954,2025-01-15,Customer 177,West,200.52
ORD-00955,2025-02-22,Customer 126,South,424.41
ORD-00956,2025-04-08,Customer 101,Central,1988.14
ORD-00957,2024-12-13,Customer 086,West,199.06
ORD-00958,2024-12-09,Customer 115,West,362.12
ORD-00959,2025-08-18,Customer 016,East,5259.24
ORD-00960,2024-07-15,Customer 209,East,1100.23
ORD-00961,2023-06-26,Customer 061,West,1737.94
ORD-00962,2023-01-16,Customer 092,East,1258.88
ORD-00963,2024-04-23,Customer 020,West,1046.75
ORD-00964,2024-05-25,Customer 032,Central,242.07
ORD-00965,2025-02-15,Customer 192,East,1573.53
ORD-00966,2025-11-23,Customer 064,West,4976.27
ORD-00967,2023-07-31,Customer 158,West,670.55
ORD-00968,2023-02-23,Customer 167,South,589.81
ORD-00969,2023-06-13,Customer 215,West,1968.03
ORD-00970,2023-08-17,Customer 086,West,7517.2
ORD-00971,2025-11-10,Customer 204,West,5427.28
ORD-00972,2024-07-19,Customer 019,East,738.21
ORD-00973,2024-05-13,Customer 222,East,119.66
ORD-00974,2025-03-10,Customer 002,West,5287.65
ORD-00975,2023-11-07,Customer 002,Central,955.62
ORD-00976,2025-02-07,Customer 087,East,506.21
ORD-00977,2024-07-09,Customer 232,West,3653.72
ORD-00978,2023-01-18,Customer 141,East,294.98
ORD-00979,2024-03-25,Customer 010,West,1336.32
ORD-00980,2023-07-22,Customer 077,West,213.86
ORD-00981,2025-12-13,Customer 169,West,722.2
ORD-00982,2025-04-26,Customer 045,South,113.63
ORD-00983,2023-01-18,Customer 239,East,335.89
ORD-00984,2025-03-14,Customer 011,East,2778.96
ORD-00985,2024-12-28,Customer 248,East,5235.17
ORD-00986,2023-01-31,Customer 119,East,351.91
ORD-00987,2023-10-18,Customer 014,Central,912.27
ORD-00988,2023-03-04,Customer 178,South,836.46
ORD-00989,2025-06-23,Customer 182,Central,889.88
ORD-00990,2023-04-08,Customer 190,Central,4006.2
ORD-00991,2025-04-09,Customer 217,South,1399.45
ORD-00992,2025-03-19,Customer 113,South,225.23
ORD-00993,2024-08-23,Customer 025,West,442.38
ORD-00994,2025-08-06,Customer 103,South,288.87
ORD-00995,2023-02-11,Customer 238,Central,3812.31
ORD-00996,2024-11-21,Customer 224,East,1293.01
ORD-00997,2025-09-02,Customer 105,South,258.68
ORD-00998,2023-06-22,Customer 135,Central,1587.51
ORD-00999,2023-07-21,Customer 216,Central,2145.23
ORD-01000,2025-07-20,Customer 174,West,4437.04
