Order ID,Order Date,Ship Date,Category,Sub-Category,Product Name,Region,State,City,Quantity,Discount,Sales,Profit
ORD-0174,2025-01-02,2025-01-06,Office Supplies,Binders,Binders Product 13,South,Georgia,Miami,5,0.0,312.42,62.36
ORD-0294,2025-01-02,2025-01-03,Office Supplies,Labels,Labels Product 9,East,Massachusetts,Houston,6,0.05,933.08,171.28
ORD-0207,2025-01-03,2025-01-08,Technology,Printers,Printers Product 4,South,Tennessee,Chicago,4,0.1,5046.08,556.06
ORD-0183,2025-01-05,2025-01-08,Office Supplies,Labels,Labels Product 10,West,Nevada,Miami,1,0.05,274.9,28.38
ORD-0308,2025-01-05,2025-01-10,Technology,Accessories,Accessories Product 2,West,Nevada,Chicago,3,0.1,2138.37,334.56
ORD-0461,2025-01-06,2025-01-09,Office Supplies,Storage,Storage Product 4,South,Virginia,Los Angeles,2,0.2,330.82,24.63
ORD-0485,2025-01-06,2025-01-11,Furniture,Furnishings,Furnishings Product 10,South,Florida,Atlanta,2,0.0,571.92,92.25
ORD-0346,2025-01-06,2025-01-07,Technology,Accessories,Accessories Product 1,East,Massachusetts,Miami,3,0.15,1916.28,179.9
ORD-0055,2025-01-07,2025-01-10,Furniture,Furnishings,Furnishings Product 10,West,California,Miami,1,0.05,407.93,30.27
ORD-0219,2025-01-07,2025-01-12,Office Supplies,Binders,Binders Product 6,South,Florida,New York,7,0.2,909.42,88.6
ORD-0075,2025-01-08,2025-01-11,Office Supplies,Labels,Labels Product 11,Central,Ohio,Miami,1,0.1,56.0,8.54
ORD-0143,2025-01-09,2025-01-11,Office Supplies,Paper,Paper Product 8,East,Pennsylvania,Seattle,3,0.1,284.65,52.78
ORD-0065,2025-01-10,2025-01-11,Furniture,Bookcases,Bookcases Product 6,South,Florida,Atlanta,5,0.2,3379.35,385.0
ORD-0329,2025-01-11,2025-01-16,Technology,Phones,Phones Product 4,West,Nevada,Chicago,6,0.0,8601.26,1766.54
ORD-0062,2025-01-12,2025-01-16,Furniture,Bookcases,Bookcases Product 5,South,Virginia,Los Angeles,6,0.15,4417.29,130.06
ORD-0077,2025-01-12,2025-01-17,Technology,Laptops,Laptops Product 11,West,California,Los Angeles,6,0.05,2442.74,347.21
ORD-0331,2025-01-13,2025-01-14,Office Supplies,Labels,Labels Product 9,West,Nevada,Atlanta,7,0.05,869.73,158.82
ORD-0441,2025-01-13,2025-01-15,Office Supplies,Labels,Labels Product 6,West,Nevada,Houston,6,0.15,143.53,10.33
ORD-0320,2025-01-13,2025-01-16,Furniture,Furnishings,Furnishings Product 6,East,New Jersey,Seattle,2,0.1,1128.28,68.07
ORD-0239,2025-01-14,2025-01-17,Furniture,Tables,Tables Product 15,South,Florida,Miami,4,0.1,2500.66,315.19
ORD-0080,2025-01-14,2025-01-18,Furniture,Furnishings,Furnishings Product 13,East,New York,Seattle,3,0.1,543.09,27.68
ORD-0242,2025-01-14,2025-01-18,Technology,Accessories,Accessories Product 8,Central,Michigan,Houston,2,0.15,1915.21,149.62
ORD-0081,2025-01-15,2025-01-16,Furniture,Tables,Tables Product 1,East,Massachusetts,New York,4,0.05,630.77,85.78
ORD-0129,2025-01-16,2025-01-21,Technology,Laptops,Laptops Product 7,Central,Michigan,Seattle,5,0.05,6645.65,761.5
ORD-0417,2025-01-16,2025-01-18,Furniture,Chairs,Chairs Product 14,West,Oregon,Miami,5,0.1,1106.32,80.38
ORD-0310,2025-01-17,2025-01-21,Technology,Laptops,Laptops Product 6,East,Pennsylvania,Miami,4,0.15,4866.42,678.55
ORD-0173,2025-01-18,2025-01-22,Furniture,Chairs,Chairs Product 14,South,Virginia,Houston,3,0.05,1703.96,230.84
ORD-0109,2025-01-18,2025-01-22,Technology,Laptops,Laptops Product 1,South,Tennessee,New York,2,0.05,1039.22,202.24
ORD-0404,2025-01-19,2025-01-24,Office Supplies,Paper,Paper Product 2,West,Oregon,Los Angeles,2,0.0,413.81,56.97
ORD-0479,2025-01-19,2025-01-22,Furniture,Chairs,Chairs Product 3,Central,Michigan,Chicago,3,0.0,2142.99,139.9
ORD-0171,2025-01-20,2025-01-24,Technology,Printers,Printers Product 10,South,Tennessee,Miami,3,0.0,2494.62,452.76
ORD-0116,2025-01-20,2025-01-22,Furniture,Bookcases,Bookcases Product 5,Central,Ohio,Chicago,6,0.0,3550.81,387.5
ORD-0382,2025-01-20,2025-01-24,Office Supplies,Storage,Storage Product 3,West,Oregon,Miami,4,0.1,346.37,23.51
ORD-0322,2025-01-23,2025-01-27,Technology,Laptops,Laptops Product 2,Central,Texas,Atlanta,4,0.15,4489.22,586.26
ORD-0082,2025-01-25,2025-01-28,Office Supplies,Binders,Binders Product 9,East,New Jersey,Chicago,4,0.05,1019.36,153.52
ORD-0385,2025-01-25,2025-01-26,Office Supplies,Labels,Labels Product 9,East,Pennsylvania,Seattle,5,0.15,104.73,13.65
ORD-0342,2025-01-26,2025-01-31,Office Supplies,Binders,Binders Product 5,South,Virginia,Seattle,3,0.1,690.35,68.43
ORD-0282,2025-01-26,2025-01-30,Furniture,Bookcases,Bookcases Product 9,Central,Texas,New York,5,0.1,968.2,53.71
ORD-0155,2025-01-27,2025-02-01,Furniture,Bookcases,Bookcases Product 15,East,Pennsylvania,Miami,4,0.2,2533.77,318.21
ORD-0403,2025-01-28,2025-02-01,Office Supplies,Labels,Labels Product 8,East,New York,Seattle,7,0.1,631.2,49.47
ORD-0153,2025-01-29,2025-02-01,Office Supplies,Labels,Labels Product 10,West,Nevada,Atlanta,7,0.1,103.42,10.37
ORD-0415,2025-01-29,2025-02-03,Office Supplies,Paper,Paper Product 10,Central,Michigan,Chicago,7,0.15,726.61,98.27
ORD-0236,2025-01-30,2025-02-01,Office Supplies,Storage,Storage Product 8,East,Massachusetts,Atlanta,5,0.05,1250.5,195.8
ORD-0161,2025-02-01,2025-02-04,Furniture,Tables,Tables Product 6,Central,Ohio,Miami,4,0.0,2474.91,373.33
ORD-0083,2025-02-03,2025-02-05,Technology,Laptops,Laptops Product 9,Central,Michigan,Atlanta,4,0.1,3250.63,529.79
ORD-0248,2025-02-04,2025-02-08,Technology,Accessories,Accessories Product 1,West,Oregon,Seattle,5,0.2,2920.15,528.28
ORD-0169,2025-02-06,2025-02-08,Furniture,Tables,Tables Product 3,East,Massachusetts,Miami,3,0.15,2287.33,319.03
ORD-0273,2025-02-08,2025-02-11,Technology,Phones,Phones Product 1,East,Pennsylvania,Miami,7,0.05,8245.9,794.61
ORD-0011,2025-02-10,2025-02-11,Office Supplies,Paper,Paper Product 7,East,Massachusetts,Seattle,4,0.05,1046.29,195.14
ORD-0223,2025-02-11,2025-02-12,Furniture,Furnishings,Furnishings Product 9,Central,Texas,Houston,1,0.0,723.71,120.9
ORD-0256,2025-02-12,2025-02-14,Technology,Phones,Phones Product 1,East,Pennsylvania,Seattle,1,0.05,229.28,44.41
ORD-0452,2025-02-14,2025-02-19,Office Supplies,Storage,Storage Product 1,East,Pennsylvania,Houston,4,0.15,892.48,136.96
ORD-0162,2025-02-15,2025-02-19,Office Supplies,Labels,Labels Product 1,West,California,Chicago,6,0.15,261.75,29.41
ORD-0365,2025-02-16,2025-02-21,Office Supplies,Binders,Binders Product 8,West,Washington,Dallas,6,0.2,1170.92,196.57
ORD-0061,2025-02-16,2025-02-21,Technology,Printers,Printers Product 6,Central,Ohio,Chicago,7,0.0,6997.82,1430.09
ORD-0389,2025-02-16,2025-02-19,Office Supplies,Paper,Paper Product 2,West,Oregon,Atlanta,6,0.2,89.07,7.11
ORD-0489,2025-02-16,2025-02-18,Furniture,Bookcases,Bookcases Product 13,West,Oregon,Houston,1,0.15,414.34,54.91
ORD-0428,2025-02-17,2025-02-21,Furniture,Chairs,Chairs Product 5,Central,Texas,Chicago,6,0.05,3245.69,515.68
ORD-0367,2025-02-17,2025-02-18,Furniture,Tables,Tables Product 1,West,California,Chicago,5,0.2,1292.72,123.75
ORD-0410,2025-02-17,2025-02-18,Furniture,Tables,Tables Product 8,West,Nevada,Seattle,6,0.15,1277.67,35.18
ORD-0229,2025-02-18,2025-02-19,Technology,Phones,Phones Product 10,East,Massachusetts,Seattle,1,0.0,494.81,68.83
ORD-0076,2025-02-20,2025-02-25,Technology,Printers,Printers Product 6,East,New York,Seattle,4,0.05,779.66,87.98
ORD-0004,2025-02-20,2025-02-25,Office Supplies,Binders,Binders Product 3,East,Massachusetts,Miami,1,0.1,108.82,20.96
ORD-0302,2025-02-20,2025-02-22,Furniture,Bookcases,Bookcases Product 5,South,Virginia,Seattle,7,0.2,555.23,55.94
ORD-0323,2025-02-22,2025-02-27,Furniture,Tables,Tables Product 11,South,Georgia,Chicago,7,0.15,4398.51,390.59
ORD-0449,2025-02-22,2025-02-27,Furniture,Bookcases,Bookcases Product 6,East,Pennsylvania,Chicago,5,0.05,1465.31,108.06
ORD-0185,2025-02-22,2025-02-24,Technology,Accessories,Accessories Product 2,Central,Michigan,Miami,6,0.15,5357.1,798.62
ORD-0053,2025-02-22,2025-02-24,Office Supplies,Labels,Labels Product 10,West,Nevada,New York,5,0.2,958.23,134.68
ORD-0168,2025-02-24,2025-02-27,Technology,Phones,Phones Product 12,Central,Illinois,New York,5,0.2,3138.99,507.39
ORD-0462,2025-02-27,2025-03-03,Furniture,Tables,Tables Product 7,West,Oregon,Chicago,1,0.0,453.61,64.13
ORD-0393,2025-02-27,2025-03-01,Furniture,Furnishings,Furnishings Product 12,Central,Texas,Seattle,2,0.15,482.25,51.68
ORD-0180,2025-02-28,2025-03-02,Office Supplies,Storage,Storage Product 4,East,New York,Houston,6,0.15,518.59,58.87
ORD-0288,2025-02-28,2025-03-03,Technology,Phones,Phones Product 11,South,Florida,New York,5,0.1,3757.53,774.55
ORD-0484,2025-03-01,2025-03-03,Furniture,Tables,Tables Product 13,West,California,Houston,7,0.2,2486.41,291.49
ORD-0092,2025-03-01,2025-03-05,Office Supplies,Storage,Storage Product 14,West,Nevada,Dallas,1,0.2,203.3,10.08
ORD-0345,2025-03-02,2025-03-04,Furniture,Bookcases,Bookcases Product 14,East,Massachusetts,Dallas,6,0.05,4891.96,797.28
ORD-0419,2025-03-03,2025-03-08,Office Supplies,Binders,Binders Product 1,East,Pennsylvania,Los Angeles,6,0.1,1138.23,104.68
ORD-0265,2025-03-04,2025-03-06,Office Supplies,Binders,Binders Product 4,Central,Michigan,Los Angeles,6,0.2,723.62,34.11
ORD-0438,2025-03-05,2025-03-07,Technology,Accessories,Accessories Product 2,South,Florida,Los Angeles,6,0.1,7311.9,884.07
ORD-0384,2025-03-06,2025-03-09,Office Supplies,Labels,Labels Product 5,East,New York,Chicago,5,0.1,197.77,23.31
ORD-0238,2025-03-07,2025-03-09,Technology,Printers,Printers Product 10,East,Massachusetts,New York,4,0.15,2141.22,385.57
ORD-0041,2025-03-10,2025-03-13,Technology,Printers,Printers Product 5,West,Oregon,Dallas,4,0.05,3708.13,557.85
ORD-0042,2025-03-10,2025-03-15,Furniture,Chairs,Chairs Product 12,West,Washington,Chicago,6,0.15,801.76,48.0
ORD-0057,2025-03-11,2025-03-13,Office Supplies,Paper,Paper Product 10,West,Nevada,Chicago,4,0.1,775.34,94.93
ORD-0249,2025-03-11,2025-03-14,Technology,Laptops,Laptops Product 1,South,Florida,Chicago,7,0.05,6663.83,632.91
ORD-0496,2025-03-12,2025-03-15,Technology,Laptops,Laptops Product 15,Central,Michigan,Miami,5,0.2,876.99,108.64
ORD-0406,2025-03-12,2025-03-13,Office Supplies,Labels,Labels Product 7,South,Georgia,Los Angeles,3,0.05,122.96,21.47
ORD-0284,2025-03-13,2025-03-14,Furniture,Bookcases,Bookcases Product 13,Central,Texas,Los Angeles,1,0.05,569.97,31.93
ORD-0001,2025-03-13,2025-03-16,Office Supplies,Labels,Labels Product 8,West,Oregon,New York,3,0.1,495.75,38.09
ORD-0472,2025-03-14,2025-03-17,Office Supplies,Paper,Paper Product 12,East,New York,Houston,4,0.1,971.11,159.93
ORD-0150,2025-03-15,2025-03-20,Technology,Accessories,Accessories Product 13,South,Georgia,New York,4,0.15,2493.99,470.16
ORD-0311,2025-03-16,2025-03-19,Office Supplies,Storage,Storage Product 9,East,Pennsylvania,Miami,7,0.1,434.29,70.2
ORD-0120,2025-03-17,2025-03-18,Furniture,Tables,Tables Product 15,West,California,Los Angeles,5,0.1,1121.69,40.74
ORD-0391,2025-03-18,2025-03-21,Office Supplies,Storage,Storage Product 14,South,Virginia,Atlanta,6,0.0,1428.98,193.83
ORD-0476,2025-03-19,2025-03-24,Furniture,Chairs,Chairs Product 11,West,Washington,Los Angeles,6,0.2,3977.14,309.75
ORD-0093,2025-03-19,2025-03-20,Office Supplies,Paper,Paper Product 2,West,California,New York,5,0.05,768.02,90.42
ORD-0115,2025-03-23,2025-03-25,Technology,Accessories,Accessories Product 15,South,Florida,Chicago,4,0.1,4878.38,964.05
ORD-0068,2025-03-24,2025-03-27,Office Supplies,Paper,Paper Product 13,West,California,Seattle,6,0.0,490.39,70.16
ORD-0319,2025-03-24,2025-03-26,Technology,Printers,Printers Product 12,East,New York,Houston,1,0.05,812.7,107.63
ORD-0051,2025-03-25,2025-03-26,Technology,Laptops,Laptops Product 4,West,California,Miami,3,0.1,3417.44,420.37
ORD-0175,2025-03-25,2025-03-26,Office Supplies,Binders,Binders Product 12,South,Virginia,Los Angeles,3,0.0,545.87,56.17
ORD-0488,2025-03-28,2025-03-29,Furniture,Bookcases,Bookcases Product 7,West,Nevada,Chicago,3,0.0,1370.74,153.14
ORD-0111,2025-03-28,2025-03-29,Office Supplies,Binders,Binders Product 9,East,Pennsylvania,Los Angeles,7,0.2,1645.78,242.87
ORD-0368,2025-03-29,2025-03-30,Office Supplies,Paper,Paper Product 15,Central,Michigan,Los Angeles,7,0.1,353.54,28.36
ORD-0235,2025-03-29,2025-03-30,Furniture,Bookcases,Bookcases Product 8,Central,Ohio,Atlanta,5,0.2,1443.02,86.02
ORD-0186,2025-03-30,2025-04-02,Furniture,Bookcases,Bookcases Product 4,West,California,Los Angeles,5,0.0,3970.09,610.94
ORD-0188,2025-03-30,2025-04-02,Office Supplies,Paper,Paper Product 12,South,Georgia,Miami,2,0.2,168.37,19.91
ORD-0005,2025-03-30,2025-04-04,Office Supplies,Paper,Paper Product 2,West,Oregon,Seattle,1,0.05,275.53,49.78
ORD-0274,2025-04-01,2025-04-06,Furniture,Bookcases,Bookcases Product 8,Central,Ohio,New York,6,0.15,2037.97,138.66
ORD-0354,2025-04-01,2025-04-06,Furniture,Bookcases,Bookcases Product 4,Central,Texas,Atlanta,5,0.15,1300.28,126.32
ORD-0102,2025-04-02,2025-04-03,Technology,Printers,Printers Product 6,Central,Illinois,Los Angeles,3,0.2,1573.17,94.92
ORD-0405,2025-04-03,2025-04-08,Furniture,Bookcases,Bookcases Product 13,West,Washington,Los Angeles,1,0.2,413.32,9.86
ORD-0374,2025-04-05,2025-04-06,Office Supplies,Storage,Storage Product 5,East,New York,Chicago,6,0.1,539.13,51.54
ORD-0099,2025-04-05,2025-04-08,Office Supplies,Labels,Labels Product 5,South,Florida,Seattle,2,0.1,330.39,44.33
ORD-0422,2025-04-06,2025-04-07,Technology,Phones,Phones Product 8,Central,Illinois,Miami,6,0.05,2727.94,466.75
ORD-0224,2025-04-07,2025-04-11,Technology,Laptops,Laptops Product 11,South,Tennessee,Houston,4,0.2,4112.57,229.33
ORD-0142,2025-04-08,2025-04-13,Technology,Phones,Phones Product 9,South,Georgia,Houston,3,0.15,1957.21,237.17
ORD-0031,2025-04-09,2025-04-14,Furniture,Chairs,Chairs Product 15,East,New York,Miami,5,0.0,3465.65,604.3
ORD-0043,2025-04-10,2025-04-12,Furniture,Tables,Tables Product 6,South,Florida,Atlanta,7,0.05,1476.47,147.0
ORD-0332,2025-04-10,2025-04-14,Furniture,Bookcases,Bookcases Product 2,East,Pennsylvania,Miami,2,0.0,1271.61,169.04
ORD-0330,2025-04-11,2025-04-13,Office Supplies,Storage,Storage Product 14,South,Florida,Seattle,1,0.1,139.13,15.15
ORD-0187,2025-04-12,2025-04-15,Furniture,Chairs,Chairs Product 13,East,New Jersey,Chicago,5,0.0,2196.51,369.38
ORD-0290,2025-04-13,2025-04-18,Technology,Printers,Printers Product 15,West,California,Seattle,1,0.1,1294.15,237.1
ORD-0423,2025-04-14,2025-04-19,Furniture,Bookcases,Bookcases Product 6,South,Tennessee,Atlanta,3,0.0,1880.26,134.1
ORD-0237,2025-04-14,2025-04-15,Technology,Printers,Printers Product 10,West,Oregon,Los Angeles,2,0.1,741.31,153.43
ORD-0048,2025-04-15,2025-04-18,Furniture,Tables,Tables Product 13,East,New Jersey,New York,2,0.2,778.8,72.54
ORD-0194,2025-04-16,2025-04-20,Office Supplies,Labels,Labels Product 10,Central,Michigan,Dallas,1,0.2,149.6,19.49
ORD-0497,2025-04-16,2025-04-21,Office Supplies,Binders,Binders Product 4,South,Virginia,Houston,7,0.15,419.42,35.23
ORD-0296,2025-04-17,2025-04-22,Technology,Laptops,Laptops Product 6,South,Florida,Miami,7,0.0,5112.85,1027.4
ORD-0392,2025-04-17,2025-04-22,Office Supplies,Binders,Binders Product 9,East,New York,Los Angeles,4,0.0,664.47,78.17
ORD-0195,2025-04-18,2025-04-20,Technology,Laptops,Laptops Product 13,Central,Ohio,Atlanta,7,0.0,2764.59,494.24
ORD-0133,2025-04-18,2025-04-21,Furniture,Chairs,Chairs Product 7,South,Florida,Seattle,2,0.05,514.95,25.97
ORD-0126,2025-04-18,2025-04-21,Office Supplies,Storage,Storage Product 5,Central,Illinois,Houston,2,0.15,359.49,28.98
ORD-0016,2025-04-18,2025-04-22,Technology,Phones,Phones Product 9,East,Pennsylvania,Chicago,3,0.05,1145.33,253.56
ORD-0304,2025-04-19,2025-04-20,Technology,Phones,Phones Product 1,Central,Ohio,Miami,5,0.2,5842.01,969.95
ORD-0420,2025-04-20,2025-04-25,Furniture,Chairs,Chairs Product 15,South,Tennessee,Houston,6,0.05,1478.28,175.82
ORD-0166,2025-04-21,2025-04-23,Furniture,Furnishings,Furnishings Product 6,East,Pennsylvania,Miami,4,0.15,2543.73,81.69
ORD-0339,2025-04-21,2025-04-26,Technology,Printers,Printers Product 6,West,Oregon,Chicago,1,0.0,1062.03,193.34
ORD-0101,2025-04-21,2025-04-25,Technology,Printers,Printers Product 5,East,New Jersey,Los Angeles,4,0.15,3842.78,581.97
ORD-0257,2025-04-22,2025-04-26,Furniture,Chairs,Chairs Product 8,West,Washington,Miami,3,0.2,617.27,13.4
ORD-0027,2025-04-22,2025-04-24,Furniture,Furnishings,Furnishings Product 2,South,Georgia,New York,5,0.05,775.23,98.55
ORD-0085,2025-04-22,2025-04-25,Technology,Laptops,Laptops Product 3,West,Washington,Miami,6,0.0,2201.52,281.76
ORD-0292,2025-04-23,2025-04-25,Office Supplies,Storage,Storage Product 15,South,Tennessee,Chicago,7,0.0,214.15,19.54
ORD-0375,2025-04-24,2025-04-28,Office Supplies,Binders,Binders Product 1,South,Virginia,New York,2,0.15,427.59,72.41
ORD-0426,2025-04-24,2025-04-26,Office Supplies,Binders,Binders Product 3,East,Massachusetts,Miami,7,0.1,1353.15,132.95
ORD-0355,2025-04-24,2025-04-26,Technology,Accessories,Accessories Product 11,East,Pennsylvania,Los Angeles,4,0.15,4651.27,902.83
ORD-0214,2025-04-27,2025-05-01,Office Supplies,Paper,Paper Product 13,East,New York,Houston,4,0.0,181.24,26.63
ORD-0334,2025-04-28,2025-04-30,Office Supplies,Storage,Storage Product 14,West,California,Los Angeles,7,0.2,1325.99,140.73
ORD-0437,2025-04-29,2025-05-03,Technology,Laptops,Laptops Product 7,West,Oregon,Atlanta,5,0.15,4188.96,852.94
ORD-0277,2025-04-30,2025-05-01,Office Supplies,Paper,Paper Product 8,South,Virginia,Atlanta,1,0.0,214.07,33.33
ORD-0178,2025-05-01,2025-05-02,Technology,Printers,Printers Product 1,East,Pennsylvania,Chicago,4,0.2,3095.92,320.46
ORD-0165,2025-05-03,2025-05-05,Technology,Printers,Printers Product 12,Central,Texas,New York,7,0.0,1348.49,324.22
ORD-0094,2025-05-05,2025-05-06,Office Supplies,Labels,Labels Product 1,East,Pennsylvania,New York,7,0.0,681.8,125.9
ORD-0402,2025-05-06,2025-05-08,Furniture,Tables,Tables Product 15,West,Washington,Los Angeles,6,0.05,1230.71,190.02
ORD-0181,2025-05-06,2025-05-08,Technology,Laptops,Laptops Product 7,South,Virginia,New York,1,0.1,1291.45,220.67
ORD-0253,2025-05-07,2025-05-12,Furniture,Chairs,Chairs Product 10,Central,Ohio,Miami,3,0.15,699.12,77.18
ORD-0279,2025-05-07,2025-05-11,Technology,Laptops,Laptops Product 3,East,New York,Dallas,6,0.0,5972.03,1073.16
ORD-0266,2025-05-08,2025-05-09,Furniture,Tables,Tables Product 4,Central,Ohio,Atlanta,1,0.15,76.79,6.89
ORD-0040,2025-05-09,2025-05-14,Furniture,Bookcases,Bookcases Product 5,Central,Texas,Chicago,2,0.0,444.2,34.99
ORD-0110,2025-05-12,2025-05-14,Furniture,Tables,Tables Product 10,East,Massachusetts,Atlanta,7,0.1,1443.84,199.85
ORD-0396,2025-05-13,2025-05-18,Technology,Laptops,Laptops Product 15,East,New York,Dallas,2,0.1,2181.25,471.98
ORD-0358,2025-05-13,2025-05-15,Office Supplies,Storage,Storage Product 4,Central,Illinois,Dallas,2,0.15,223.79,33.96
ORD-0100,2025-05-14,2025-05-18,Office Supplies,Binders,Binders Product 10,East,Pennsylvania,Miami,6,0.1,681.73,81.59
ORD-0184,2025-05-16,2025-05-20,Furniture,Tables,Tables Product 1,East,New York,Seattle,3,0.0,2366.94,360.3
ORD-0010,2025-05-16,2025-05-19,Office Supplies,Paper,Paper Product 1,South,Florida,Chicago,1,0.1,10.44,1.77
ORD-0414,2025-05-16,2025-05-20,Furniture,Chairs,Chairs Product 1,South,Virginia,Dallas,5,0.05,2039.55,231.01
ORD-0203,2025-05-16,2025-05-21,Technology,Phones,Phones Product 1,South,Virginia,Los Angeles,7,0.15,3840.07,437.9
ORD-0104,2025-05-17,2025-05-20,Office Supplies,Paper,Paper Product 15,Central,Texas,Houston,2,0.0,139.24,26.5
ORD-0427,2025-05-18,2025-05-21,Office Supplies,Labels,Labels Product 2,West,California,Houston,5,0.1,554.72,35.89
ORD-0258,2025-05-18,2025-05-22,Office Supplies,Labels,Labels Product 10,East,Pennsylvania,New York,1,0.2,234.91,33.16
ORD-0348,2025-05-19,2025-05-21,Office Supplies,Binders,Binders Product 6,East,New York,Chicago,7,0.05,951.61,186.72
ORD-0025,2025-05-20,2025-05-21,Technology,Laptops,Laptops Product 3,West,Nevada,Miami,7,0.0,6325.87,1470.1
ORD-0378,2025-05-21,2025-05-26,Furniture,Bookcases,Bookcases Product 8,Central,Michigan,Los Angeles,7,0.1,4558.6,560.79
ORD-0058,2025-05-21,2025-05-26,Office Supplies,Storage,Storage Product 15,East,Massachusetts,Houston,4,0.15,433.53,53.11
ORD-0259,2025-05-23,2025-05-27,Office Supplies,Labels,Labels Product 14,East,Pennsylvania,Miami,6,0.15,354.02,58.55
ORD-0200,2025-05-23,2025-05-24,Technology,Phones,Phones Product 14,East,Pennsylvania,Houston,3,0.05,1313.37,155.54
ORD-0022,2025-05-24,2025-05-27,Furniture,Tables,Tables Product 4,Central,Ohio,Dallas,6,0.2,3671.75,178.06
ORD-0141,2025-05-25,2025-05-30,Furniture,Bookcases,Bookcases Product 15,East,New Jersey,Miami,6,0.2,989.73,106.79
ORD-0291,2025-05-26,2025-05-28,Office Supplies,Paper,Paper Product 5,Central,Michigan,Seattle,7,0.15,257.05,24.74
ORD-0359,2025-05-27,2025-05-30,Technology,Phones,Phones Product 4,South,Florida,Dallas,6,0.0,5709.8,599.08
ORD-0023,2025-05-27,2025-05-29,Office Supplies,Labels,Labels Product 8,Central,Illinois,New York,1,0.0,111.11,10.38
ORD-0470,2025-05-29,2025-05-31,Office Supplies,Storage,Storage Product 10,South,Virginia,Seattle,7,0.1,1562.93,209.94
ORD-0230,2025-05-29,2025-06-03,Office Supplies,Binders,Binders Product 15,Central,Illinois,Seattle,2,0.2,74.11,7.14
ORD-0333,2025-05-29,2025-06-03,Office Supplies,Labels,Labels Product 12,East,Pennsylvania,Chicago,1,0.15,176.66,19.09
ORD-0357,2025-05-29,2025-06-02,Technology,Printers,Printers Product 7,Central,Michigan,New York,3,0.2,2034.1,333.22
ORD-0002,2025-05-30,2025-06-03,Technology,Printers,Printers Product 5,South,Tennessee,New York,6,0.05,1289.09,252.4
ORD-0024,2025-05-31,2025-06-02,Technology,Accessories,Accessories Product 9,South,Florida,Los Angeles,7,0.15,5241.68,874.67
ORD-0026,2025-06-01,2025-06-02,Office Supplies,Labels,Labels Product 8,South,Virginia,Chicago,4,0.1,458.31,82.17
ORD-0338,2025-06-02,2025-06-06,Furniture,Bookcases,Bookcases Product 11,South,Tennessee,Houston,4,0.0,2855.91,348.86
ORD-0210,2025-06-03,2025-06-07,Office Supplies,Storage,Storage Product 5,South,Georgia,Atlanta,3,0.1,497.27,63.25
ORD-0198,2025-06-03,2025-06-07,Furniture,Furnishings,Furnishings Product 7,South,Tennessee,Los Angeles,3,0.15,738.55,43.39
ORD-0458,2025-06-04,2025-06-07,Furniture,Chairs,Chairs Product 7,West,Nevada,Dallas,2,0.1,400.08,32.23
ORD-0430,2025-06-04,2025-06-09,Office Supplies,Labels,Labels Product 12,Central,Texas,Seattle,7,0.1,1300.85,139.5
ORD-0436,2025-06-04,2025-06-07,Technology,Accessories,Accessories Product 3,Central,Michigan,Dallas,7,0.0,8018.68,1146.49
ORD-0217,2025-06-05,2025-06-09,Office Supplies,Paper,Paper Product 4,Central,Texas,Los Angeles,4,0.0,391.8,36.89
ORD-0347,2025-06-05,2025-06-09,Office Supplies,Paper,Paper Product 8,East,Massachusetts,Atlanta,4,0.1,724.11,50.87
ORD-0351,2025-06-05,2025-06-07,Technology,Phones,Phones Product 7,East,Pennsylvania,Houston,2,0.15,779.81,122.94
ORD-0408,2025-06-05,2025-06-06,Furniture,Furnishings,Furnishings Product 3,South,Florida,Miami,5,0.0,3258.83,489.86
ORD-0454,2025-06-05,2025-06-06,Office Supplies,Storage,Storage Product 14,West,Oregon,Houston,2,0.05,438.08,39.05
ORD-0340,2025-06-06,2025-06-10,Office Supplies,Labels,Labels Product 10,South,Virginia,Houston,7,0.15,485.01,53.48
ORD-0299,2025-06-06,2025-06-09,Technology,Phones,Phones Product 14,Central,Michigan,New York,3,0.1,2290.34,301.95
ORD-0096,2025-06-06,2025-06-11,Furniture,Furnishings,Furnishings Product 6,South,Virginia,Atlanta,3,0.15,1239.93,138.22
ORD-0136,2025-06-07,2025-06-08,Furniture,Chairs,Chairs Product 5,Central,Texas,Miami,5,0.0,3896.57,568.38
ORD-0131,2025-06-08,2025-06-11,Office Supplies,Binders,Binders Product 5,Central,Texas,Miami,5,0.05,549.87,80.28
ORD-0243,2025-06-08,2025-06-13,Furniture,Furnishings,Furnishings Product 12,East,New Jersey,Seattle,7,0.1,622.47,45.85
ORD-0060,2025-06-09,2025-06-12,Technology,Laptops,Laptops Product 12,East,Pennsylvania,Houston,6,0.2,4322.91,425.39
ORD-0045,2025-06-09,2025-06-13,Office Supplies,Binders,Binders Product 1,West,Nevada,Dallas,2,0.1,508.8,68.98
ORD-0148,2025-06-09,2025-06-13,Technology,Accessories,Accessories Product 2,Central,Ohio,Seattle,7,0.05,4006.03,797.31
ORD-0204,2025-06-09,2025-06-13,Furniture,Furnishings,Furnishings Product 13,West,Nevada,New York,2,0.1,941.06,132.32
ORD-0353,2025-06-09,2025-06-13,Office Supplies,Storage,Storage Product 5,East,Massachusetts,Los Angeles,3,0.15,404.66,44.48
ORD-0028,2025-06-10,2025-06-11,Furniture,Bookcases,Bookcases Product 1,South,Florida,Los Angeles,4,0.1,341.36,32.18
ORD-0255,2025-06-10,2025-06-11,Technology,Accessories,Accessories Product 1,Central,Texas,Houston,2,0.0,708.37,94.78
ORD-0054,2025-06-12,2025-06-13,Office Supplies,Binders,Binders Product 10,Central,Illinois,Houston,2,0.15,454.64,41.66
ORD-0477,2025-06-12,2025-06-13,Technology,Phones,Phones Product 2,Central,Texas,Dallas,2,0.0,345.24,69.7
ORD-0176,2025-06-13,2025-06-16,Furniture,Bookcases,Bookcases Product 6,West,California,Atlanta,3,0.05,2494.47,254.32
ORD-0123,2025-06-13,2025-06-18,Technology,Accessories,Accessories Product 8,South,Virginia,Dallas,3,0.05,3194.03,421.83
ORD-0213,2025-06-13,2025-06-17,Furniture,Chairs,Chairs Product 3,West,Washington,Los Angeles,6,0.2,2770.68,73.99
ORD-0211,2025-06-15,2025-06-19,Furniture,Furnishings,Furnishings Product 14,Central,Texas,Seattle,2,0.1,1350.56,108.96
ORD-0445,2025-06-16,2025-06-19,Furniture,Bookcases,Bookcases Product 5,Central,Ohio,Atlanta,4,0.05,2056.92,286.57
ORD-0298,2025-06-16,2025-06-21,Office Supplies,Paper,Paper Product 8,East,Pennsylvania,Chicago,7,0.15,942.41,61.9
ORD-0289,2025-06-17,2025-06-22,Technology,Accessories,Accessories Product 12,East,New York,Los Angeles,5,0.2,2877.87,321.32
ORD-0364,2025-06-18,2025-06-19,Furniture,Bookcases,Bookcases Product 11,Central,Michigan,Atlanta,2,0.2,1241.13,75.36
ORD-0380,2025-06-18,2025-06-21,Furniture,Tables,Tables Product 1,West,Nevada,Miami,1,0.0,685.07,99.02
ORD-0407,2025-06-20,2025-06-25,Technology,Phones,Phones Product 11,West,Washington,Los Angeles,7,0.2,1361.99,164.99
ORD-0018,2025-06-21,2025-06-22,Furniture,Chairs,Chairs Product 14,West,Oregon,Seattle,1,0.15,238.16,10.17
ORD-0012,2025-06-21,2025-06-26,Office Supplies,Binders,Binders Product 15,South,Florida,New York,1,0.1,175.4,31.43
ORD-0411,2025-06-22,2025-06-27,Office Supplies,Labels,Labels Product 11,South,Florida,Los Angeles,6,0.15,717.26,82.03
ORD-0250,2025-06-23,2025-06-24,Technology,Printers,Printers Product 4,East,New York,Miami,7,0.15,5794.13,479.77
ORD-0033,2025-06-23,2025-06-26,Office Supplies,Binders,Binders Product 10,East,Massachusetts,Dallas,6,0.05,217.63,33.43
ORD-0144,2025-06-25,2025-06-29,Office Supplies,Binders,Binders Product 5,South,Virginia,Houston,4,0.2,492.17,20.35
ORD-0264,2025-06-25,2025-06-26,Office Supplies,Labels,Labels Product 12,South,Florida,Dallas,6,0.1,292.2,34.08
ORD-0079,2025-06-29,2025-07-03,Technology,Printers,Printers Product 7,West,Oregon,Houston,6,0.05,2465.94,352.8
ORD-0106,2025-06-29,2025-07-02,Office Supplies,Binders,Binders Product 6,South,Florida,Atlanta,1,0.2,105.19,16.63
ORD-0412,2025-07-01,2025-07-04,Furniture,Chairs,Chairs Product 12,Central,Ohio,New York,7,0.15,4033.94,385.28
ORD-0231,2025-07-02,2025-07-04,Furniture,Bookcases,Bookcases Product 9,East,Massachusetts,Los Angeles,6,0.15,805.34,54.46
ORD-0063,2025-07-05,2025-07-09,Furniture,Furnishings,Furnishings Product 11,South,Georgia,Dallas,5,0.0,1340.52,123.21
ORD-0240,2025-07-05,2025-07-08,Office Supplies,Binders,Binders Product 10,South,Virginia,Houston,4,0.05,443.88,57.84
ORD-0317,2025-07-07,2025-07-09,Office Supplies,Paper,Paper Product 15,West,Nevada,Dallas,4,0.1,723.52,117.4
ORD-0167,2025-07-07,2025-07-11,Furniture,Bookcases,Bookcases Product 13,Central,Ohio,Los Angeles,6,0.15,3467.51,111.99
ORD-0009,2025-07-07,2025-07-08,Technology,Printers,Printers Product 9,East,New York,Chicago,7,0.2,4942.78,351.62
ORD-0372,2025-07-08,2025-07-09,Furniture,Tables,Tables Product 1,West,Washington,Seattle,5,0.1,719.83,73.48
ORD-0050,2025-07-09,2025-07-10,Technology,Accessories,Accessories Product 3,South,Tennessee,Atlanta,7,0.2,5087.71,436.47
ORD-0147,2025-07-10,2025-07-15,Technology,Phones,Phones Product 10,West,Washington,Chicago,5,0.1,4921.37,508.79
ORD-0272,2025-07-10,2025-07-13,Technology,Printers,Printers Product 9,Central,Ohio,Dallas,7,0.2,3413.27,614.25
ORD-0356,2025-07-12,2025-07-17,Office Supplies,Paper,Paper Product 4,West,California,Seattle,5,0.0,304.07,61.22
ORD-0360,2025-07-14,2025-07-18,Furniture,Bookcases,Bookcases Product 2,Central,Texas,Los Angeles,7,0.2,884.48,96.59
ORD-0466,2025-07-14,2025-07-18,Furniture,Bookcases,Bookcases Product 9,Central,Michigan,Houston,7,0.1,4414.91,183.98
ORD-0397,2025-07-15,2025-07-20,Office Supplies,Storage,Storage Product 13,South,Florida,Los Angeles,2,0.0,556.25,79.02
ORD-0478,2025-07-17,2025-07-18,Furniture,Bookcases,Bookcases Product 14,West,Washington,Chicago,4,0.0,2465.65,331.16
ORD-0246,2025-07-17,2025-07-19,Furniture,Furnishings,Furnishings Product 5,South,Tennessee,Atlanta,7,0.0,6249.07,935.28
ORD-0158,2025-07-18,2025-07-20,Office Supplies,Storage,Storage Product 3,East,New Jersey,Chicago,5,0.15,814.32,49.57
ORD-0226,2025-07-19,2025-07-22,Technology,Accessories,Accessories Product 8,West,Nevada,Houston,5,0.1,1190.11,217.13
ORD-0225,2025-07-19,2025-07-22,Office Supplies,Binders,Binders Product 5,South,Virginia,Miami,7,0.2,424.59,65.61
ORD-0128,2025-07-19,2025-07-21,Office Supplies,Paper,Paper Product 9,East,Pennsylvania,Miami,7,0.1,519.14,64.12
ORD-0276,2025-07-20,2025-07-23,Furniture,Bookcases,Bookcases Product 12,Central,Illinois,New York,6,0.0,4610.15,819.76
ORD-0125,2025-07-20,2025-07-22,Technology,Laptops,Laptops Product 9,East,New York,Los Angeles,5,0.1,2810.61,384.83
ORD-0456,2025-07-21,2025-07-22,Office Supplies,Labels,Labels Product 4,Central,Texas,Chicago,4,0.0,937.32,91.18
ORD-0366,2025-07-21,2025-07-22,Technology,Printers,Printers Product 11,Central,Ohio,Atlanta,6,0.0,1067.44,149.82
ORD-0471,2025-07-22,2025-07-27,Technology,Printers,Printers Product 8,West,Nevada,Atlanta,5,0.2,4925.3,323.44
ORD-0021,2025-07-22,2025-07-26,Furniture,Furnishings,Furnishings Product 2,Central,Michigan,Atlanta,6,0.2,1838.96,71.83
ORD-0315,2025-07-23,2025-07-26,Furniture,Tables,Tables Product 3,South,Georgia,Houston,6,0.0,4437.83,414.72
ORD-0074,2025-07-24,2025-07-25,Technology,Laptops,Laptops Product 7,East,New York,Seattle,3,0.1,1167.28,189.04
ORD-0450,2025-07-25,2025-07-26,Office Supplies,Labels,Labels Product 11,East,New York,Miami,3,0.15,212.44,36.95
ORD-0170,2025-07-26,2025-07-28,Office Supplies,Paper,Paper Product 13,West,Washington,Atlanta,6,0.2,406.69,38.54
ORD-0418,2025-07-26,2025-07-29,Furniture,Furnishings,Furnishings Product 10,East,Pennsylvania,New York,2,0.15,913.75,84.67
ORD-0464,2025-07-27,2025-07-31,Technology,Accessories,Accessories Product 15,South,Tennessee,Dallas,3,0.0,2283.9,296.39
ORD-0314,2025-07-27,2025-07-30,Technology,Accessories,Accessories Product 6,East,New York,Atlanta,6,0.1,6369.33,1365.51
ORD-0157,2025-07-27,2025-08-01,Technology,Printers,Printers Product 5,South,Georgia,Atlanta,1,0.0,883.36,109.44
ORD-0152,2025-07-29,2025-08-02,Technology,Laptops,Laptops Product 11,East,Pennsylvania,New York,5,0.15,5637.94,1175.64
ORD-0105,2025-07-29,2025-08-02,Technology,Laptops,Laptops Product 11,Central,Illinois,Seattle,3,0.1,2157.65,459.08
ORD-0064,2025-07-31,2025-08-05,Furniture,Bookcases,Bookcases Product 6,West,California,Los Angeles,5,0.1,2584.27,174.48
ORD-0363,2025-07-31,2025-08-04,Office Supplies,Storage,Storage Product 12,East,New York,Houston,7,0.15,457.08,19.52
ORD-0399,2025-08-01,2025-08-02,Furniture,Tables,Tables Product 6,Central,Michigan,Los Angeles,5,0.1,3694.13,163.71
ORD-0232,2025-08-01,2025-08-04,Furniture,Tables,Tables Product 10,South,Georgia,Chicago,1,0.2,507.44,35.28
ORD-0491,2025-08-02,2025-08-06,Furniture,Bookcases,Bookcases Product 9,Central,Ohio,Houston,6,0.05,5011.7,319.52
ORD-0078,2025-08-02,2025-08-03,Technology,Laptops,Laptops Product 10,West,Oregon,Los Angeles,7,0.2,1458.1,263.97
ORD-0108,2025-08-03,2025-08-04,Technology,Accessories,Accessories Product 13,West,Nevada,Houston,6,0.2,3485.59,592.44
ORD-0140,2025-08-03,2025-08-08,Furniture,Chairs,Chairs Product 11,West,Washington,Atlanta,2,0.0,1609.41,275.74
ORD-0036,2025-08-03,2025-08-05,Office Supplies,Labels,Labels Product 10,East,New Jersey,Dallas,2,0.2,327.82,24.9
ORD-0008,2025-08-03,2025-08-05,Furniture,Bookcases,Bookcases Product 15,South,Virginia,Dallas,5,0.2,2028.34,254.23
ORD-0205,2025-08-03,2025-08-07,Furniture,Bookcases,Bookcases Product 8,East,New Jersey,Seattle,3,0.05,1112.5,101.3
ORD-0312,2025-08-07,2025-08-12,Office Supplies,Binders,Binders Product 3,West,Oregon,Houston,7,0.15,762.79,120.79
ORD-0220,2025-08-07,2025-08-09,Technology,Laptops,Laptops Product 8,Central,Illinois,Miami,5,0.05,3396.65,699.88
ORD-0197,2025-08-08,2025-08-09,Office Supplies,Binders,Binders Product 13,East,New York,Miami,2,0.05,144.67,14.06
ORD-0473,2025-08-08,2025-08-13,Office Supplies,Binders,Binders Product 8,West,Oregon,Dallas,7,0.05,1963.31,203.9
ORD-0459,2025-08-09,2025-08-14,Office Supplies,Storage,Storage Product 13,West,California,Dallas,6,0.05,1472.78,271.59
ORD-0499,2025-08-09,2025-08-10,Furniture,Chairs,Chairs Product 7,Central,Illinois,Miami,7,0.15,2158.37,135.93
ORD-0086,2025-08-11,2025-08-12,Office Supplies,Labels,Labels Product 14,West,Nevada,Dallas,3,0.15,688.54,84.79
ORD-0149,2025-08-12,2025-08-14,Furniture,Chairs,Chairs Product 12,West,Nevada,Atlanta,1,0.0,148.96,14.77
ORD-0447,2025-08-12,2025-08-17,Office Supplies,Storage,Storage Product 6,South,Virginia,Los Angeles,1,0.0,46.54,5.0
ORD-0498,2025-08-12,2025-08-15,Technology,Laptops,Laptops Product 7,Central,Michigan,Seattle,4,0.2,3416.29,199.86
ORD-0145,2025-08-12,2025-08-15,Technology,Phones,Phones Product 13,East,Pennsylvania,Houston,3,0.05,2413.11,539.27
ORD-0020,2025-08-12,2025-08-16,Furniture,Tables,Tables Product 10,South,Georgia,Atlanta,2,0.2,1319.64,51.13
ORD-0088,2025-08-13,2025-08-18,Furniture,Tables,Tables Product 14,South,Virginia,Chicago,1,0.05,649.54,72.15
ORD-0084,2025-08-14,2025-08-15,Technology,Laptops,Laptops Product 1,South,Georgia,Dallas,6,0.2,2303.41,287.32
ORD-0267,2025-08-15,2025-08-18,Furniture,Tables,Tables Product 12,East,New Jersey,Houston,4,0.05,887.98,133.62
ORD-0457,2025-08-15,2025-08-16,Technology,Laptops,Laptops Product 13,Central,Texas,Chicago,7,0.15,6946.87,658.74
ORD-0460,2025-08-15,2025-08-17,Office Supplies,Binders,Binders Product 15,South,Florida,Los Angeles,5,0.1,591.25,56.73
ORD-0124,2025-08-15,2025-08-18,Technology,Laptops,Laptops Product 2,South,Virginia,Chicago,3,0.2,3086.56,546.2
ORD-0134,2025-08-15,2025-08-20,Technology,Phones,Phones Product 14,East,Pennsylvania,Dallas,5,0.0,1222.7,124.01
ORD-0252,2025-08-16,2025-08-17,Technology,Laptops,Laptops Product 5,South,Florida,Houston,2,0.1,351.68,29.68
ORD-0336,2025-08-16,2025-08-20,Furniture,Furnishings,Furnishings Product 15,South,Florida,New York,1,0.15,97.03,6.81
ORD-0208,2025-08-19,2025-08-21,Technology,Phones,Phones Product 13,East,New York,Chicago,4,0.15,4478.91,688.74
ORD-0233,2025-08-21,2025-08-25,Furniture,Bookcases,Bookcases Product 11,Central,Texas,Chicago,6,0.2,2525.25,218.0
ORD-0321,2025-08-21,2025-08-24,Technology,Accessories,Accessories Product 9,West,Oregon,Los Angeles,3,0.2,1070.45,58.93
ORD-0003,2025-08-24,2025-08-28,Technology,Printers,Printers Product 12,East,New Jersey,Houston,7,0.05,1204.54,200.21
ORD-0135,2025-08-24,2025-08-29,Technology,Printers,Printers Product 1,West,Nevada,Dallas,1,0.15,1256.74,223.37
ORD-0091,2025-08-24,2025-08-26,Office Supplies,Paper,Paper Product 12,West,Washington,Chicago,3,0.0,385.41,81.17
ORD-0209,2025-08-25,2025-08-26,Furniture,Furnishings,Furnishings Product 1,West,Oregon,Seattle,3,0.0,1125.94,79.4
ORD-0386,2025-08-25,2025-08-27,Office Supplies,Paper,Paper Product 2,East,Pennsylvania,Los Angeles,6,0.0,1134.01,208.11
ORD-0118,2025-08-25,2025-08-29,Technology,Laptops,Laptops Product 10,West,Nevada,Seattle,6,0.1,3744.59,403.31
ORD-0398,2025-08-25,2025-08-27,Office Supplies,Binders,Binders Product 1,South,Tennessee,Los Angeles,5,0.15,421.86,71.9
ORD-0121,2025-08-25,2025-08-27,Furniture,Bookcases,Bookcases Product 5,South,Georgia,Chicago,5,0.0,3126.65,253.4
ORD-0463,2025-08-26,2025-08-28,Furniture,Bookcases,Bookcases Product 8,East,Pennsylvania,New York,1,0.05,137.49,13.84
ORD-0455,2025-08-26,2025-08-27,Office Supplies,Paper,Paper Product 8,South,Georgia,Houston,5,0.2,999.96,53.9
ORD-0029,2025-08-26,2025-08-29,Office Supplies,Storage,Storage Product 2,East,Massachusetts,Miami,3,0.1,488.87,93.89
ORD-0500,2025-08-27,2025-08-29,Office Supplies,Storage,Storage Product 5,East,New Jersey,Chicago,4,0.05,909.15,79.33
ORD-0344,2025-08-29,2025-08-30,Office Supplies,Paper,Paper Product 2,East,New Jersey,Seattle,1,0.1,251.89,31.39
ORD-0014,2025-08-29,2025-09-03,Technology,Accessories,Accessories Product 15,Central,Michigan,Atlanta,6,0.2,2757.03,348.17
ORD-0151,2025-08-30,2025-09-01,Furniture,Furnishings,Furnishings Product 6,South,Tennessee,Chicago,4,0.0,3427.14,274.05
ORD-0432,2025-08-30,2025-09-03,Office Supplies,Labels,Labels Product 2,South,Georgia,Miami,6,0.05,1160.81,214.44
ORD-0199,2025-08-30,2025-08-31,Furniture,Chairs,Chairs Product 7,East,Massachusetts,Chicago,4,0.05,780.7,59.12
ORD-0221,2025-08-30,2025-09-03,Office Supplies,Paper,Paper Product 1,West,California,Houston,5,0.2,769.99,44.54
ORD-0309,2025-09-03,2025-09-04,Office Supplies,Binders,Binders Product 8,West,Oregon,Chicago,4,0.2,153.25,21.56
ORD-0401,2025-09-04,2025-09-06,Office Supplies,Labels,Labels Product 14,Central,Texas,Los Angeles,6,0.15,53.95,7.72
ORD-0269,2025-09-05,2025-09-07,Furniture,Tables,Tables Product 9,South,Florida,Chicago,3,0.15,386.29,42.02
ORD-0044,2025-09-07,2025-09-11,Technology,Printers,Printers Product 8,East,Pennsylvania,Atlanta,5,0.2,5640.56,705.95
ORD-0245,2025-09-08,2025-09-09,Office Supplies,Labels,Labels Product 1,West,Oregon,Chicago,6,0.2,1115.09,147.98
ORD-0032,2025-09-10,2025-09-11,Office Supplies,Labels,Labels Product 10,West,Nevada,Atlanta,3,0.05,346.78,64.73
ORD-0047,2025-09-10,2025-09-15,Technology,Printers,Printers Product 10,Central,Illinois,Seattle,1,0.05,263.62,50.07
ORD-0013,2025-09-12,2025-09-14,Furniture,Bookcases,Bookcases Product 12,West,California,Seattle,7,0.05,1928.34,100.95
ORD-0112,2025-09-12,2025-09-15,Office Supplies,Storage,Storage Product 3,South,Virginia,New York,7,0.2,88.01,3.92
ORD-0280,2025-09-12,2025-09-16,Office Supplies,Labels,Labels Product 1,East,New Jersey,Houston,5,0.1,904.77,81.72
ORD-0156,2025-09-14,2025-09-17,Technology,Accessories,Accessories Product 1,South,Georgia,New York,2,0.2,932.8,148.0
ORD-0201,2025-09-15,2025-09-17,Technology,Phones,Phones Product 6,West,Washington,Los Angeles,2,0.1,937.13,154.21
ORD-0247,2025-09-16,2025-09-17,Technology,Printers,Printers Product 11,West,Washington,Seattle,6,0.2,889.75,47.72
ORD-0089,2025-09-16,2025-09-18,Office Supplies,Storage,Storage Product 12,South,Florida,New York,2,0.2,40.05,3.09
ORD-0318,2025-09-17,2025-09-21,Office Supplies,Paper,Paper Product 13,East,New Jersey,Miami,3,0.1,345.76,22.21
ORD-0494,2025-09-20,2025-09-24,Office Supplies,Storage,Storage Product 13,Central,Ohio,Dallas,7,0.15,287.21,32.84
ORD-0196,2025-09-20,2025-09-23,Furniture,Furnishings,Furnishings Product 13,South,Tennessee,Chicago,5,0.05,3557.34,328.42
ORD-0006,2025-09-21,2025-09-25,Office Supplies,Labels,Labels Product 2,Central,Michigan,Houston,4,0.05,75.9,14.79
ORD-0216,2025-09-23,2025-09-24,Office Supplies,Storage,Storage Product 7,Central,Texas,New York,2,0.2,114.25,11.18
ORD-0066,2025-09-24,2025-09-27,Technology,Laptops,Laptops Product 1,South,Virginia,Los Angeles,6,0.1,5141.21,679.33
ORD-0046,2025-09-25,2025-09-29,Technology,Phones,Phones Product 13,Central,Ohio,Houston,2,0.1,1208.23,264.82
ORD-0070,2025-09-25,2025-09-26,Furniture,Tables,Tables Product 1,Central,Ohio,Seattle,6,0.1,4046.96,611.73
ORD-0429,2025-09-25,2025-09-26,Office Supplies,Storage,Storage Product 14,West,Oregon,Houston,2,0.15,260.61,42.49
ORD-0433,2025-09-25,2025-09-29,Technology,Accessories,Accessories Product 8,Central,Ohio,Atlanta,6,0.1,4126.02,733.83
ORD-0448,2025-09-27,2025-10-02,Office Supplies,Paper,Paper Product 11,West,Nevada,Seattle,7,0.0,1378.83,154.67
ORD-0037,2025-09-28,2025-10-02,Furniture,Chairs,Chairs Product 12,South,Georgia,Miami,1,0.2,300.29,7.58
ORD-0492,2025-09-29,2025-10-01,Furniture,Tables,Tables Product 6,East,Massachusetts,New York,5,0.1,2477.88,203.55
ORD-0271,2025-09-29,2025-10-03,Office Supplies,Storage,Storage Product 12,Central,Texas,Chicago,4,0.0,163.36,20.27
ORD-0307,2025-09-30,2025-10-02,Technology,Accessories,Accessories Product 3,East,Massachusetts,Chicago,6,0.0,6850.08,993.76
ORD-0159,2025-09-30,2025-10-04,Furniture,Bookcases,Bookcases Product 15,West,Washington,Miami,1,0.0,577.99,51.85
ORD-0453,2025-09-30,2025-10-03,Furniture,Furnishings,Furnishings Product 10,West,California,Atlanta,3,0.2,770.49,29.63
ORD-0349,2025-09-30,2025-10-05,Office Supplies,Paper,Paper Product 10,Central,Texas,Seattle,2,0.05,548.03,77.0
ORD-0193,2025-10-02,2025-10-05,Office Supplies,Labels,Labels Product 13,West,California,Miami,5,0.15,167.5,18.51
ORD-0439,2025-10-03,2025-10-07,Office Supplies,Labels,Labels Product 3,East,New Jersey,New York,4,0.2,83.25,13.48
ORD-0416,2025-10-04,2025-10-06,Technology,Printers,Printers Product 12,Central,Ohio,New York,5,0.2,4132.32,757.74
ORD-0444,2025-10-05,2025-10-06,Furniture,Chairs,Chairs Product 15,South,Georgia,Los Angeles,3,0.15,1719.99,157.23
ORD-0442,2025-10-05,2025-10-07,Office Supplies,Labels,Labels Product 8,Central,Michigan,Atlanta,4,0.2,481.65,34.84
ORD-0270,2025-10-06,2025-10-09,Office Supplies,Storage,Storage Product 14,East,New Jersey,New York,5,0.15,807.79,74.18
ORD-0261,2025-10-06,2025-10-09,Furniture,Furnishings,Furnishings Product 11,Central,Illinois,Atlanta,3,0.2,1809.9,100.72
ORD-0117,2025-10-07,2025-10-09,Office Supplies,Labels,Labels Product 3,East,New Jersey,Chicago,3,0.0,129.39,20.6
ORD-0202,2025-10-07,2025-10-12,Technology,Accessories,Accessories Product 14,West,California,New York,2,0.05,614.33,63.35
ORD-0376,2025-10-10,2025-10-14,Technology,Printers,Printers Product 14,East,New York,New York,5,0.0,3528.67,847.76
ORD-0373,2025-10-10,2025-10-13,Technology,Printers,Printers Product 12,Central,Texas,Los Angeles,6,0.1,4325.71,401.31
ORD-0337,2025-10-10,2025-10-12,Technology,Printers,Printers Product 5,South,Georgia,Chicago,7,0.0,6487.11,723.04
ORD-0017,2025-10-10,2025-10-13,Office Supplies,Binders,Binders Product 9,West,California,Los Angeles,1,0.1,120.48,20.42
ORD-0052,2025-10-11,2025-10-16,Technology,Phones,Phones Product 5,Central,Michigan,Los Angeles,3,0.05,4082.86,939.43
ORD-0260,2025-10-11,2025-10-15,Office Supplies,Paper,Paper Product 1,West,Nevada,Seattle,1,0.1,210.5,12.38
ORD-0073,2025-10-12,2025-10-16,Office Supplies,Binders,Binders Product 4,Central,Texas,Houston,2,0.0,105.3,22.08
ORD-0154,2025-10-12,2025-10-17,Office Supplies,Binders,Binders Product 11,East,New Jersey,Seattle,1,0.2,227.08,10.06
ORD-0424,2025-10-14,2025-10-17,Office Supplies,Labels,Labels Product 3,South,Virginia,Houston,3,0.2,581.74,72.37
ORD-0297,2025-10-15,2025-10-18,Furniture,Tables,Tables Product 10,South,Tennessee,Seattle,7,0.0,5280.7,860.27
ORD-0069,2025-10-15,2025-10-17,Technology,Printers,Printers Product 2,East,New York,Los Angeles,7,0.05,1418.51,181.29
ORD-0097,2025-10-16,2025-10-19,Technology,Phones,Phones Product 10,West,California,New York,2,0.2,312.43,42.33
ORD-0324,2025-10-17,2025-10-21,Office Supplies,Labels,Labels Product 1,East,Pennsylvania,Atlanta,3,0.0,146.43,24.62
ORD-0465,2025-10-17,2025-10-18,Office Supplies,Binders,Binders Product 10,West,California,Atlanta,6,0.05,370.07,25.24
ORD-0113,2025-10-18,2025-10-22,Technology,Printers,Printers Product 4,Central,Michigan,Seattle,6,0.1,2582.73,473.52
ORD-0425,2025-10-18,2025-10-22,Office Supplies,Storage,Storage Product 5,South,Florida,Houston,3,0.1,44.56,4.7
ORD-0487,2025-10-18,2025-10-23,Office Supplies,Paper,Paper Product 11,South,Georgia,Dallas,7,0.1,1792.72,199.05
ORD-0189,2025-10-18,2025-10-20,Technology,Phones,Phones Product 14,West,California,Dallas,3,0.05,1301.92,128.21
ORD-0495,2025-10-19,2025-10-24,Furniture,Bookcases,Bookcases Product 15,West,Oregon,Houston,4,0.15,2550.65,342.16
ORD-0434,2025-10-20,2025-10-23,Furniture,Tables,Tables Product 8,West,California,Seattle,6,0.05,4353.14,542.44
ORD-0119,2025-10-20,2025-10-24,Furniture,Chairs,Chairs Product 9,West,Washington,Atlanta,5,0.05,451.63,71.0
ORD-0019,2025-10-22,2025-10-25,Technology,Laptops,Laptops Product 1,South,Tennessee,Miami,1,0.0,821.29,119.2
ORD-0435,2025-10-23,2025-10-26,Office Supplies,Binders,Binders Product 7,South,Tennessee,Houston,4,0.15,261.56,44.65
ORD-0440,2025-10-23,2025-10-27,Technology,Laptops,Laptops Product 10,West,Nevada,Dallas,3,0.2,388.21,28.47
ORD-0262,2025-10-24,2025-10-26,Furniture,Furnishings,Furnishings Product 10,South,Tennessee,Chicago,7,0.0,3875.39,527.63
ORD-0034,2025-10-26,2025-10-29,Furniture,Tables,Tables Product 2,West,Nevada,Los Angeles,2,0.05,1256.48,143.04
ORD-0191,2025-10-27,2025-10-31,Technology,Laptops,Laptops Product 11,South,Florida,Atlanta,7,0.05,5277.03,773.9
ORD-0306,2025-10-27,2025-11-01,Technology,Laptops,Laptops Product 3,Central,Michigan,Houston,1,0.15,1080.72,155.87
ORD-0182,2025-10-28,2025-11-02,Furniture,Furnishings,Furnishings Product 1,Central,Michigan,Miami,4,0.05,751.28,120.41
ORD-0469,2025-10-29,2025-10-30,Furniture,Chairs,Chairs Product 11,Central,Illinois,Seattle,2,0.2,957.5,76.63
ORD-0286,2025-10-29,2025-10-30,Technology,Phones,Phones Product 10,West,Washington,Los Angeles,4,0.15,737.19,138.22
ORD-0098,2025-10-30,2025-11-04,Technology,Laptops,Laptops Product 13,East,New York,Atlanta,7,0.2,7239.18,500.4
ORD-0190,2025-10-31,2025-11-01,Technology,Accessories,Accessories Product 12,West,Washington,Dallas,5,0.05,6144.96,1380.38
ORD-0493,2025-10-31,2025-11-02,Technology,Printers,Printers Product 11,Central,Ohio,Atlanta,4,0.05,4149.28,589.68
ORD-0222,2025-11-04,2025-11-06,Office Supplies,Paper,Paper Product 4,South,Virginia,Atlanta,6,0.15,444.44,28.17
ORD-0218,2025-11-04,2025-11-09,Office Supplies,Labels,Labels Product 4,West,California,Atlanta,6,0.05,344.21,54.83
ORD-0451,2025-11-04,2025-11-06,Office Supplies,Paper,Paper Product 4,Central,Texas,Miami,6,0.2,984.49,59.93
ORD-0095,2025-11-05,2025-11-08,Technology,Accessories,Accessories Product 8,Central,Illinois,Miami,3,0.1,3709.09,625.48
ORD-0395,2025-11-06,2025-11-08,Furniture,Furnishings,Furnishings Product 9,Central,Texas,New York,1,0.1,92.89,5.59
ORD-0007,2025-11-06,2025-11-08,Furniture,Tables,Tables Product 14,East,New Jersey,Chicago,4,0.05,401.57,59.66
ORD-0122,2025-11-06,2025-11-08,Furniture,Tables,Tables Product 13,East,Pennsylvania,Seattle,4,0.1,2466.68,110.84
ORD-0295,2025-11-07,2025-11-08,Furniture,Furnishings,Furnishings Product 7,Central,Ohio,Los Angeles,5,0.0,2766.52,180.51
ORD-0114,2025-11-07,2025-11-12,Technology,Laptops,Laptops Product 3,West,Washington,Atlanta,7,0.0,9520.37,970.6
ORD-0067,2025-11-07,2025-11-10,Technology,Phones,Phones Product 5,East,New York,New York,7,0.2,7377.3,1268.42
ORD-0341,2025-11-08,2025-11-09,Furniture,Furnishings,Furnishings Product 1,West,Oregon,Houston,7,0.15,5312.69,466.66
ORD-0369,2025-11-09,2025-11-14,Office Supplies,Binders,Binders Product 6,Central,Texas,Miami,5,0.0,447.4,86.34
ORD-0362,2025-11-09,2025-11-10,Office Supplies,Binders,Binders Product 10,West,Washington,Los Angeles,6,0.2,869.88,33.57
ORD-0254,2025-11-09,2025-11-11,Furniture,Furnishings,Furnishings Product 5,South,Tennessee,Miami,5,0.1,2184.64,333.26
ORD-0400,2025-11-09,2025-11-14,Technology,Laptops,Laptops Product 14,Central,Texas,Chicago,7,0.2,940.18,88.74
ORD-0035,2025-11-09,2025-11-12,Technology,Printers,Printers Product 7,West,Nevada,Seattle,6,0.15,5088.05,466.27
ORD-0490,2025-11-10,2025-11-14,Office Supplies,Paper,Paper Product 2,East,New Jersey,Seattle,1,0.1,97.88,16.41
ORD-0481,2025-11-10,2025-11-13,Office Supplies,Labels,Labels Product 12,South,Florida,Miami,7,0.15,987.44,80.41
ORD-0227,2025-11-10,2025-11-13,Technology,Phones,Phones Product 12,South,Florida,Dallas,4,0.1,2785.06,623.12
ORD-0390,2025-11-10,2025-11-12,Office Supplies,Paper,Paper Product 6,East,Massachusetts,Miami,6,0.05,1044.0,157.41
ORD-0130,2025-11-11,2025-11-14,Technology,Accessories,Accessories Product 2,South,Tennessee,Seattle,6,0.15,7266.27,971.01
ORD-0443,2025-11-12,2025-11-13,Furniture,Furnishings,Furnishings Product 7,Central,Michigan,Dallas,7,0.05,3192.16,183.14
ORD-0328,2025-11-12,2025-11-17,Technology,Laptops,Laptops Product 11,Central,Illinois,Houston,2,0.2,1606.66,249.96
ORD-0215,2025-11-12,2025-11-16,Technology,Accessories,Accessories Product 7,East,Pennsylvania,Seattle,3,0.05,3703.45,324.24
ORD-0030,2025-11-13,2025-11-17,Technology,Laptops,Laptops Product 12,West,Nevada,Atlanta,1,0.0,823.91,153.08
ORD-0287,2025-11-14,2025-11-19,Office Supplies,Paper,Paper Product 1,West,California,Dallas,1,0.0,125.07,10.78
ORD-0377,2025-11-14,2025-11-17,Technology,Laptops,Laptops Product 2,South,Virginia,Los Angeles,6,0.2,1263.8,126.4
ORD-0039,2025-11-15,2025-11-17,Furniture,Tables,Tables Product 5,Central,Texas,Dallas,2,0.2,696.78,69.18
ORD-0326,2025-11-16,2025-11-19,Technology,Laptops,Laptops Product 9,West,Nevada,Los Angeles,1,0.1,519.27,46.88
ORD-0350,2025-11-17,2025-11-22,Furniture,Furnishings,Furnishings Product 6,South,Virginia,Miami,4,0.05,1731.86,244.65
ORD-0090,2025-11-17,2025-11-20,Furniture,Chairs,Chairs Product 14,South,Georgia,Chicago,1,0.1,174.45,6.16
ORD-0343,2025-11-17,2025-11-18,Office Supplies,Storage,Storage Product 15,South,Virginia,New York,6,0.15,561.54,95.99
ORD-0361,2025-11-19,2025-11-24,Technology,Printers,Printers Product 5,South,Georgia,Chicago,5,0.15,3596.1,474.66
ORD-0383,2025-11-19,2025-11-20,Office Supplies,Binders,Binders Product 11,East,New York,Seattle,1,0.0,118.25,18.79
ORD-0486,2025-11-19,2025-11-20,Furniture,Furnishings,Furnishings Product 9,South,Virginia,Atlanta,4,0.15,2581.82,278.94
ORD-0281,2025-11-20,2025-11-24,Technology,Phones,Phones Product 6,West,California,Los Angeles,1,0.2,1058.04,63.17
ORD-0300,2025-11-21,2025-11-25,Office Supplies,Paper,Paper Product 1,West,Washington,Dallas,4,0.0,656.06,129.8
ORD-0421,2025-11-22,2025-11-23,Office Supplies,Labels,Labels Product 12,South,Virginia,Atlanta,4,0.15,809.69,122.11
ORD-0316,2025-11-23,2025-11-28,Furniture,Furnishings,Furnishings Product 1,East,New York,Dallas,4,0.0,327.6,21.39
ORD-0015,2025-11-23,2025-11-28,Office Supplies,Paper,Paper Product 14,South,Florida,Dallas,2,0.05,178.65,16.09
ORD-0139,2025-11-26,2025-11-28,Technology,Accessories,Accessories Product 3,East,New York,New York,1,0.0,213.38,33.63
ORD-0127,2025-11-26,2025-12-01,Office Supplies,Storage,Storage Product 1,West,California,Los Angeles,4,0.1,756.94,96.87
ORD-0293,2025-11-27,2025-11-28,Technology,Phones,Phones Product 7,East,New Jersey,New York,3,0.0,2874.7,504.0
ORD-0446,2025-11-28,2025-12-01,Furniture,Chairs,Chairs Product 2,South,Florida,Atlanta,7,0.0,3333.46,535.31
ORD-0177,2025-11-28,2025-12-02,Furniture,Furnishings,Furnishings Product 1,East,New York,Seattle,4,0.1,2734.86,237.13
ORD-0206,2025-11-29,2025-11-30,Furniture,Furnishings,Furnishings Product 7,East,Pennsylvania,Houston,7,0.05,3994.44,551.55
ORD-0275,2025-11-30,2025-12-01,Furniture,Bookcases,Bookcases Product 3,Central,Illinois,Atlanta,6,0.05,2695.17,133.84
ORD-0278,2025-11-30,2025-12-02,Technology,Laptops,Laptops Product 9,Central,Texas,New York,4,0.15,3921.26,273.4
ORD-0179,2025-11-30,2025-12-05,Office Supplies,Storage,Storage Product 1,East,Pennsylvania,New York,4,0.05,100.91,14.32
ORD-0475,2025-12-01,2025-12-02,Office Supplies,Binders,Binders Product 6,East,New Jersey,Houston,5,0.0,1240.01,182.07
ORD-0087,2025-12-01,2025-12-06,Furniture,Bookcases,Bookcases Product 6,East,New York,Seattle,5,0.15,2204.6,175.69
ORD-0172,2025-12-01,2025-12-04,Technology,Laptops,Laptops Product 10,South,Tennessee,Seattle,2,0.1,2458.71,339.94
ORD-0192,2025-12-02,2025-12-05,Office Supplies,Paper,Paper Product 3,West,Oregon,New York,1,0.15,168.1,28.28
ORD-0146,2025-12-02,2025-12-07,Technology,Phones,Phones Product 11,East,Pennsylvania,New York,3,0.0,3116.73,709.33
ORD-0107,2025-12-03,2025-12-08,Furniture,Furnishings,Furnishings Product 8,East,New York,Los Angeles,6,0.15,4427.2,178.59
ORD-0313,2025-12-03,2025-12-06,Office Supplies,Paper,Paper Product 5,South,Tennessee,Houston,3,0.1,528.28,51.13
ORD-0335,2025-12-03,2025-12-04,Technology,Phones,Phones Product 12,East,Pennsylvania,Seattle,1,0.1,286.11,39.21
ORD-0370,2025-12-03,2025-12-04,Furniture,Furnishings,Furnishings Product 1,South,Florida,New York,7,0.2,3667.77,356.68
ORD-0327,2025-12-04,2025-12-07,Office Supplies,Binders,Binders Product 5,South,Tennessee,Chicago,1,0.15,228.35,23.57
ORD-0409,2025-12-05,2025-12-08,Office Supplies,Binders,Binders Product 5,West,Oregon,Miami,7,0.1,1562.23,174.41
ORD-0056,2025-12-05,2025-12-06,Furniture,Chairs,Chairs Product 15,West,California,Miami,6,0.15,2839.02,357.93
ORD-0468,2025-12-06,2025-12-07,Furniture,Bookcases,Bookcases Product 4,East,New York,Los Angeles,6,0.2,3654.62,89.12
ORD-0071,2025-12-07,2025-12-09,Office Supplies,Storage,Storage Product 6,Central,Ohio,Houston,7,0.15,1162.72,180.46
ORD-0387,2025-12-07,2025-12-12,Office Supplies,Binders,Binders Product 11,East,Massachusetts,Chicago,7,0.15,1637.55,169.1
ORD-0251,2025-12-08,2025-12-10,Technology,Laptops,Laptops Product 9,South,Tennessee,Seattle,4,0.05,1912.55,238.2
ORD-0305,2025-12-09,2025-12-11,Technology,Laptops,Laptops Product 1,West,Washington,Houston,5,0.1,3350.68,403.25
ORD-0137,2025-12-10,2025-12-15,Furniture,Bookcases,Bookcases Product 11,West,Oregon,Los Angeles,5,0.2,728.16,90.85
ORD-0138,2025-12-10,2025-12-14,Furniture,Bookcases,Bookcases Product 11,South,Virginia,Miami,1,0.15,393.78,37.85
ORD-0160,2025-12-10,2025-12-12,Furniture,Tables,Tables Product 14,West,California,Seattle,1,0.2,348.21,44.61
ORD-0301,2025-12-10,2025-12-13,Technology,Laptops,Laptops Product 14,West,Washington,Dallas,4,0.05,3162.98,734.14
ORD-0431,2025-12-11,2025-12-15,Technology,Accessories,Accessories Product 1,West,Oregon,Atlanta,3,0.0,3076.99,434.76
ORD-0381,2025-12-11,2025-12-14,Office Supplies,Storage,Storage Product 7,Central,Illinois,Seattle,2,0.05,426.83,66.5
ORD-0474,2025-12-11,2025-12-12,Office Supplies,Binders,Binders Product 9,Central,Ohio,Chicago,5,0.0,1053.42,151.81
ORD-0103,2025-12-12,2025-12-15,Office Supplies,Storage,Storage Product 8,West,Washington,Houston,1,0.0,253.28,24.68
ORD-0072,2025-12-13,2025-12-17,Furniture,Tables,Tables Product 14,East,New Jersey,Atlanta,1,0.0,154.62,22.76
ORD-0413,2025-12-13,2025-12-17,Office Supplies,Binders,Binders Product 15,Central,Ohio,Dallas,1,0.0,119.98,23.56
ORD-0212,2025-12-13,2025-12-15,Technology,Accessories,Accessories Product 9,West,Oregon,Seattle,4,0.05,4135.1,576.49
ORD-0234,2025-12-14,2025-12-18,Furniture,Tables,Tables Product 11,Central,Texas,Miami,5,0.2,461.61,13.75
ORD-0059,2025-12-14,2025-12-15,Technology,Accessories,Accessories Product 6,West,Oregon,Houston,1,0.0,1448.93,226.37
ORD-0283,2025-12-14,2025-12-18,Technology,Accessories,Accessories Product 2,South,Virginia,Atlanta,5,0.1,1308.17,173.56
ORD-0388,2025-12-14,2025-12-18,Technology,Accessories,Accessories Product 13,East,Massachusetts,Dallas,2,0.05,1858.09,340.32
ORD-0352,2025-12-15,2025-12-16,Office Supplies,Binders,Binders Product 6,West,Oregon,Los Angeles,2,0.15,254.08,34.36
ORD-0325,2025-12-15,2025-12-17,Office Supplies,Paper,Paper Product 8,Central,Texas,Seattle,6,0.0,141.52,16.79
ORD-0228,2025-12-16,2025-12-17,Office Supplies,Storage,Storage Product 15,East,New York,Houston,2,0.15,426.45,22.23
ORD-0038,2025-12-16,2025-12-18,Technology,Accessories,Accessories Product 12,South,Georgia,Houston,4,0.2,2815.54,409.98
ORD-0467,2025-12-17,2025-12-18,Technology,Printers,Printers Product 2,East,Massachusetts,Seattle,4,0.0,2526.55,539.72
ORD-0482,2025-12-18,2025-12-19,Furniture,Furnishings,Furnishings Product 7,West,Washington,Chicago,6,0.1,4325.67,440.55
ORD-0371,2025-12-18,2025-12-22,Office Supplies,Binders,Binders Product 3,Central,Michigan,Dallas,3,0.1,602.07,65.51
ORD-0163,2025-12-19,2025-12-24,Furniture,Furnishings,Furnishings Product 4,South,Georgia,Chicago,5,0.0,2522.62,177.96
ORD-0394,2025-12-20,2025-12-25,Office Supplies,Paper,Paper Product 4,Central,Michigan,Seattle,2,0.0,310.05,58.88
ORD-0244,2025-12-22,2025-12-23,Furniture,Tables,Tables Product 2,East,New York,Atlanta,4,0.0,2016.64,227.53
ORD-0049,2025-12-23,2025-12-27,Technology,Phones,Phones Product 2,West,California,Chicago,1,0.1,1047.0,205.24
ORD-0303,2025-12-23,2025-12-24,Furniture,Chairs,Chairs Product 1,West,Washington,Chicago,2,0.15,796.76,60.39
ORD-0164,2025-12-25,2025-12-27,Furniture,Tables,Tables Product 7,Central,Illinois,Miami,7,0.05,1627.28,212.66
ORD-0241,2025-12-25,2025-12-26,Technology,Laptops,Laptops Product 13,West,Washington,Dallas,4,0.15,524.77,81.57
ORD-0480,2025-12-26,2025-12-28,Office Supplies,Labels,Labels Product 1,East,Pennsylvania,Chicago,7,0.1,647.0,75.28
ORD-0379,2025-12-27,2025-12-28,Technology,Printers,Printers Product 2,East,Massachusetts,Seattle,5,0.05,6999.11,683.29
ORD-0285,2025-12-28,2025-12-31,Furniture,Tables,Tables Product 13,Central,Michigan,New York,1,0.1,788.99,58.99
ORD-0483,2025-12-30,2026-01-01,Technology,Laptops,Laptops Product 6,South,Virginia,Dallas,1,0.1,1248.45,212.63
ORD-0268,2025-12-30,2026-01-03,Technology,Accessories,Accessories Product 12,East,Massachusetts,Chicago,6,0.1,3099.5,350.7
ORD-0132,2025-12-30,2025-12-31,Office Supplies,Labels,Labels Product 13,East,Massachusetts,Atlanta,4,0.2,563.21,80.29
ORD-0263,2025-12-31,2026-01-04,Furniture,Furnishings,Furnishings Product 1,East,Massachusetts,Dallas,6,0.0,4938.22,460.38
